meta,devices=0|4,ring=0,size_mib=1024,chunk_mib=4,warmup=5,repeats=20,pairs=1
repeat,wall_seconds,aggregate_payload_GBps,per_pair_payload_GBps
0,0.057026113,18.829,18.829
1,0.057080559,18.811,18.811
2,0.057154300,18.787,18.787
3,0.057276968,18.746,18.746
4,0.057274657,18.747,18.747
5,0.057263353,18.751,18.751
6,0.057504390,18.672,18.672
7,0.057504195,18.672,18.672
8,0.057476596,18.681,18.681
9,0.057484169,18.679,18.679
10,0.057535868,18.662,18.662
11,0.057571616,18.651,18.651
12,0.057482305,18.680,18.680
13,0.057493455,18.676,18.676
14,0.057512067,18.670,18.670
15,0.057536576,18.662,18.662
16,0.057611673,18.638,18.638
17,0.057853787,18.560,18.560
18,0.057792666,18.579,18.579
19,0.057835523,18.565,18.565
summary,aggregate_median_GBps=18.674,aggregate_stdev_GBps=0.074,per_pair_median_GBps=18.674
