meta,devices=0|1|2|3|4|5|6|7,ring=1,size_mib=1024,chunk_mib=2,warmup=5,repeats=20,pairs=8
repeat,wall_seconds,aggregate_payload_GBps,per_pair_payload_GBps
0,0.192769725,44.561,5.570
1,0.194014027,44.275,5.534
2,0.194522120,44.159,5.520
3,0.194062008,44.264,5.533
4,0.194453671,44.175,5.522
5,0.194313290,44.207,5.526
6,0.194669365,44.126,5.516
7,0.193787473,44.327,5.541
8,0.194020841,44.273,5.534
9,0.195071395,44.035,5.504
10,0.195352716,43.971,5.496
11,0.195365610,43.969,5.496
12,0.195079730,44.033,5.504
13,0.195280176,43.988,5.498
14,0.195354685,43.971,5.496
15,0.195560348,43.925,5.491
16,0.196928632,43.620,5.452
17,0.196637094,43.684,5.461
18,0.195773305,43.877,5.485
19,0.196198416,43.782,5.473
summary,aggregate_median_GBps=44.034,aggregate_stdev_GBps=0.229,per_pair_median_GBps=5.504
