M,mode,phase,auto,auto_layout,auto_regret_vs_oracle_pct,auto_saving_vs_sp_flux_pct,auto_saving_vs_vllm_default_pct,oracle,oracle_policy,sp_dispatch,sp_flux,sp_nccl,sp_rsflux,tp_ar,vllm_default
8,eager,decode,1.961,tp_ar,0.0,6.99,0.0,1.961,tp_ar,2.6368,2.1084,2.6122,2.3368,1.961,tp_ar
16,eager,decode,1.9697,tp_ar,0.0,7.08,0.0,1.9697,tp_ar,2.6353,2.1197,2.6225,2.3511,1.9697,tp_ar
32,eager,decode,1.9799,tp_ar,0.0,8.04,0.0,1.9799,tp_ar,2.6522,2.153,2.6598,2.3726,1.9799,tp_ar
64,eager,decode,1.9497,tp_ar,0.0,11.4,0.0,1.9497,tp_ar,2.6184,2.2006,2.6204,2.3583,1.9497,tp_ar
128,eager,decode,2.0157,tp_ar,0.0,17.96,0.0,2.0157,tp_ar,2.667,2.4571,2.6885,2.4018,2.0157,tp_ar
256,eager,decode,2.6624,tp_ar,0.0,16.75,0.0,2.6624,tp_ar,2.7162,3.198,2.88,2.7105,2.6624,tp_ar
512,eager,decode,4.1595,sp_dispatch,0.0,3.45,9.8,4.1595,sp_dispatch,4.1595,4.308,4.779,4.2516,4.6116,tp_ar
8,graph,decode,1.0399,tp_ar,0.0,,0.0,1.0399,tp_ar,1.1284,,1.1305,1.2626,1.0399,tp_ar
16,graph,decode,1.0629,tp_ar,0.0,,0.0,1.0629,tp_ar,1.1633,,1.1602,1.282,1.0629,tp_ar
32,graph,decode,1.2088,tp_ar,0.0,,0.0,1.2088,tp_ar,1.3251,,1.3256,1.3967,1.2088,tp_ar
64,graph,decode,1.282,tp_ar,0.0,,0.0,1.282,tp_ar,1.4377,,1.4382,1.5278,1.282,tp_ar
128,graph,decode,1.6829,tp_ar,0.0,,0.0,1.6829,tp_ar,1.8248,,1.8258,1.8458,1.6829,tp_ar
256,graph,decode,2.6184,tp_ar,0.0,,0.0,2.6184,tp_ar,2.647,,2.8365,2.6419,2.6184,tp_ar
512,graph,decode,4.1021,sp_dispatch,0.0,,10.04,4.1021,sp_dispatch,4.1021,,4.7247,4.1795,4.5599,tp_ar
1024,eager,prefill,5.78,sp_dispatch,0.0,0.19,10.36,5.78,sp_dispatch,5.78,5.7907,6.6514,5.9013,6.4481,tp_ar
2048,eager,prefill,10.4637,sp_dispatch,0.0,0.03,13.97,10.4637,sp_dispatch,10.4637,10.4673,11.9659,10.7878,12.1631,tp_ar
4096,eager,prefill,19.0592,sp_dispatch,0.0,7.57,16.49,19.0592,sp_dispatch,19.0592,20.6198,22.0728,20.1057,22.8224,tp_ar
8192,eager,prefill,37.0795,sp_dispatch,0.04,-0.04,18.31,37.0652,sp_flux,37.0795,37.0652,43.4703,40.1418,45.3883,tp_ar
