layer,N,K,M,mode,modal_sm_clock,t_fused,best_off,t_best_off,delta_med(A-best),delta_p10,delta_p90,verdict,speedup_off_over_fused,A-D,D-C,C-B,t_B,t_C,t_D,c_nccl_ag,c_flux_ag,c_cublas,c_fluxgemm,source,min_kept
G-FC1,49152,12288,8,gpu,1410,0.2335,B_nccl_cublas,0.1403,0.0942,0.0840,0.1045,off,0.601,-0.0143,0.0348,0.0742,0.1403,0.2130,0.2478,0.0328,0.0997,0.1126,0.1495,results/e1_rerun_v2/summary,322
G-FC1,49152,12288,16,gpu,1410,0.2345,B_nccl_cublas,0.1434,0.0911,0.0819,0.1024,off,0.611,-0.0143,0.0328,0.0707,0.1434,0.2150,0.2478,0.0338,0.1003,0.1147,0.1495,results/e1_map_v2/summary,200
G-FC1,49152,12288,24,gpu,1410,0.2355,B_nccl_cublas,0.1700,0.0655,0.0563,0.0809,off,0.722,-0.0133,0.0128,0.0666,0.1700,0.2355,0.2488,0.0389,0.1004,0.1362,0.1485,results/e1_map_v2/summary,200
G-FC1,49152,12288,32,gpu,1410,0.2376,B_nccl_cublas,0.1741,0.0635,0.0522,0.0789,off,0.733,-0.0143,0.0113,0.0655,0.1741,0.2396,0.2509,0.0430,0.1017,0.1362,0.1485,results/e1_map_v2/summary,200
G-FC1,49152,12288,64,gpu,1410,0.2283,B_nccl_cublas,0.1659,0.0625,0.0451,0.0809,off,0.726,-0.0154,0.0164,0.0614,0.1659,0.2273,0.2437,0.0512,0.1069,0.1198,0.1362,results/e1_map_v2/summary,200
G-FC1,49152,12288,72,gpu,1410,0.2458,B_nccl_cublas,0.1782,0.0666,0.0522,0.0819,off,0.725,-0.0123,0.0184,0.0584,0.1782,0.2396,0.2581,0.0568,0.1108,0.1280,0.1495,results/e1_map_v2/summary,200
G-FC1,49152,12288,128,gpu,1410,0.2529,B_nccl_cublas,0.2058,0.0476,0.0338,0.0655,off,0.814,-0.0159,0.0082,0.0563,0.2058,0.2616,0.2683,0.0676,0.1175,0.1403,0.1505,results/e1_map_v2/summary,200
G-FC1,49152,12288,136,gpu,1410,0.3369,B_nccl_cublas,0.2324,0.1055,0.0870,0.1219,off,0.690,0.0307,0.0159,0.0573,0.2324,0.2898,0.3072,0.0707,0.1190,0.1690,0.1864,results/e1_map_v2/summary,200
G-FC1,49152,12288,256,gpu,1410,0.3103,B_nccl_cublas,0.2519,0.0573,0.0358,0.0789,off,0.812,-0.0133,0.0174,0.0553,0.2519,0.3082,0.3241,0.0860,0.1356,0.1720,0.1894,results/e1_map_v2/summary,200
G-FC1,49152,12288,264,gpu,1410,0.4424,B_nccl_cublas,0.3087,0.1321,0.1085,0.1515,off,0.698,0.0323,0.0451,0.0543,0.3087,0.3620,0.4096,0.0881,0.1336,0.2273,0.2714,results/e1_map_v2/summary,200
G-FC1,49152,12288,512,gpu,1410,0.5279,B_nccl_cublas,0.4147,0.1126,0.0891,0.1403,off,0.786,0.0246,0.0348,0.0532,0.4147,0.4736,0.5074,0.1198,0.1666,0.3021,0.3379,results/e1_map_v2/summary,200
G-FC1,49152,12288,520,gpu,1410,0.5939,B_nccl_cublas,0.5284,0.0645,0.0358,0.1055,off,0.890,0.0194,-0.0107,0.0553,0.5284,0.5847,0.5750,0.1219,0.1733,0.4127,0.4055,results/e1_map_v2/summary,200
G-FC1,49152,12288,1024,gpu,1410,1.1274,B_nccl_cublas,0.7772,0.3461,0.2918,0.3645,off,0.689,-0.0450,0.3384,0.0451,0.7772,0.8259,1.1633,0.1864,0.2253,0.5970,0.9452,results/e1_rerun_v2/summary,350
G-FC1,49152,12288,1032,gpu,1410,0.8909,B_nccl_cublas,0.7936,0.0952,0.0625,0.1382,off,0.891,0.0220,0.0466,0.0266,0.7936,0.8233,0.8694,0.1987,0.2291,0.5990,0.6451,results/e1_rerun_v2/summary,350
G-FC1,49152,12288,2048,gpu,1350,1.4520,B_nccl_cublas,1.4991,-0.0471,-0.0727,-0.0348,fused,1.032,-0.2509,0.1664,0.0338,1.4991,1.5370,1.7009,0.2785,0.3138,1.2288,1.4070,results/e1_rerun_v2/summary,350
G-FC1,49152,12288,3072,gpu,1320,2.7331,D_fluxag_fluxgemm,2.1995,0.5304,0.4690,0.5837,off,0.805,0.5304,-0.0696,0.0107,2.2569,2.2692,2.1995,0.3861,0.4009,1.8790,1.8053,results/e1_rerun_v2/summary,350
G-FC1,49152,12288,4096,gpu,1290,2.5820,D_fluxag_fluxgemm,2.8334,-0.2539,-0.3185,-0.2089,fused,1.097,-0.2539,-0.1992,-0.0118,3.0484,3.0372,2.8334,0.4987,0.4960,2.5590,2.3531,results/e1_map_v2/summary,200
G-FC1,49152,12288,6144,gpu,1260,3.8753,C_fluxag_cublas,4.2670,-0.3830,-0.4413,-0.3359,fused,1.101,-0.4669,0.0814,-0.0609,4.3264,4.2670,4.3484,0.7332,0.6776,3.6045,3.6833,results/e1_map_v2/summary,200
G-FC1,49152,12288,8192,gpu,1260,5.0212,C_fluxag_cublas,5.7262,-0.7240,-0.8038,-0.6697,fused,1.140,-0.7700,0.0497,-0.1162,5.8440,5.7262,5.7707,0.9523,0.8529,4.9039,4.9454,results/e1_map_v2/summary,200
G-FC1,49152,12288,16384,gpu,1230,9.7562,D_fluxag_fluxgemm,11.1529,-1.3788,-1.5421,-1.2309,fused,1.143,-1.3788,-0.0758,-0.2586,11.4749,11.2297,11.1529,1.7971,1.5466,9.7024,9.6364,results/e1_map_v2/summary,200
G-FC1,49152,12288,8,steady,1410,0.2207,B_nccl_cublas,0.1270,0.0932,0.0897,0.0966,off,0.576,-0.0150,0.0417,0.0665,0.1270,0.1941,0.2358,0.0216,0.0933,0.1005,0.1390,results/e1_rerun_v2/summary,350
G-FC1,49152,12288,16,steady,1410,0.2213,B_nccl_cublas,0.1292,0.0919,0.0880,0.0950,off,0.584,-0.0154,0.0399,0.0675,0.1292,0.1971,0.2367,0.0224,0.0935,0.1025,0.1392,results/e1_map_v2/summary,200
G-FC1,49152,12288,24,steady,1410,0.2218,B_nccl_cublas,0.1541,0.0677,0.0636,0.0724,off,0.695,-0.0154,0.0175,0.0657,0.1541,0.2198,0.2371,0.0235,0.0939,0.1217,0.1389,results/e1_map_v2/summary,200
G-FC1,49152,12288,32,steady,1410,0.2230,B_nccl_cublas,0.1565,0.0665,0.0619,0.0711,off,0.702,-0.0152,0.0162,0.0654,0.1565,0.2218,0.2381,0.0239,0.0945,0.1224,0.1390,results/e1_map_v2/summary,200
G-FC1,49152,12288,64,steady,1410,0.2125,B_nccl_cublas,0.1507,0.0619,0.0556,0.0684,off,0.709,-0.0146,0.0149,0.0617,0.1507,0.2122,0.2274,0.0308,0.0992,0.1072,0.1212,results/e1_map_v2/summary,200
G-FC1,49152,12288,72,steady,1410,0.2312,B_nccl_cublas,0.1636,0.0676,0.0609,0.0742,off,0.708,-0.0152,0.0244,0.0581,0.1636,0.2216,0.2463,0.0372,0.1017,0.1145,0.1399,results/e1_map_v2/summary,200
G-FC1,49152,12288,128,steady,1410,0.2396,B_nccl_cublas,0.1905,0.0489,0.0421,0.0561,off,0.795,-0.0146,0.0131,0.0508,0.1905,0.2413,0.2541,0.0466,0.1065,0.1262,0.1416,results/e1_map_v2/summary,200
G-FC1,49152,12288,136,steady,1410,0.3232,B_nccl_cublas,0.2195,0.1036,0.0977,0.1094,off,0.679,0.0325,0.0159,0.0557,0.2195,0.2753,0.2906,0.0472,0.1075,0.1623,0.1769,results/e1_map_v2/summary,200
G-FC1,49152,12288,256,steady,1380,0.2960,B_nccl_cublas,0.2434,0.0520,0.0409,0.0623,off,0.822,-0.0152,0.0184,0.0494,0.2434,0.2931,0.3115,0.0654,0.1199,0.1661,0.1817,results/e1_map_v2/summary,200
G-FC1,49152,12288,264,steady,1365,0.4343,B_nccl_cublas,0.3014,0.1326,0.1252,0.1390,off,0.694,0.0360,0.0433,0.0527,0.3014,0.3545,0.3979,0.0667,0.1227,0.2253,0.2645,results/v7_rerun/ag/summary,300
G-FC1,49152,12288,512,steady,1305,0.5240,B_nccl_cublas,0.4303,0.0934,0.0837,0.1008,off,0.821,0.0171,0.0278,0.0486,0.4303,0.4782,0.5071,0.1021,0.1484,0.3207,0.3489,results/e1_map_v2/summary,200
G-FC1,49152,12288,520,steady,1320,0.5911,B_nccl_cublas,0.5446,0.0455,0.0354,0.0540,off,0.921,0.0147,-0.0186,0.0497,0.5446,0.5943,0.5772,0.1021,0.1467,0.4363,0.4147,results/e1_map_v2/summary,200
G-FC1,49152,12288,1024,steady,1275,1.1226,B_nccl_cublas,0.8396,0.2829,0.2594,0.3069,off,0.748,-0.1077,0.3722,0.0193,0.8396,0.8577,1.2277,0.1883,0.2004,0.6474,1.0028,results/e1_rerun_v2/summary,337
G-FC1,49152,12288,1032,steady,1260,0.9115,B_nccl_cublas,0.8617,0.0490,0.0305,0.0689,off,0.945,0.0084,0.0365,0.0049,0.8617,0.8670,0.9029,0.2036,0.2017,0.6544,0.6879,results/e1_rerun_v2/summary,349
G-FC1,49152,12288,2048,steady,1215,1.5364,B_nccl_cublas,1.6325,-0.0938,-0.1584,-0.0010,fused,1.063,-0.2741,0.1725,0.0051,1.6325,1.6403,1.8219,0.2883,0.2851,1.3426,1.4985,results/v7_rerun/ag/summary,386
G-FC1,49152,12288,3072,steady,1200,2.7803,D_fluxag_fluxgemm,2.2855,0.4852,0.4058,0.5576,off,0.822,0.4852,-0.0874,0.0031,2.3949,2.3865,2.2855,0.3933,0.3719,2.0051,1.9082,results/e1_rerun_v2/summary,338
G-FC1,49152,12288,4096,steady,1170,2.6934,D_fluxag_fluxgemm,2.9256,-0.2419,-0.4363,-0.1121,fused,1.086,-0.2419,-0.1802,-0.0294,3.1571,3.1326,2.9256,0.5008,0.4702,2.6818,2.4665,results/v7_rerun/ag/summary,262
G-FC1,49152,12288,6144,steady,1140,4.1232,C_fluxag_cublas,4.3379,-0.1965,-0.3903,-0.0790,fused,1.052,-0.3500,0.1303,-0.0489,4.3832,4.3379,4.4567,0.7385,0.6430,3.6828,3.8682,results/e1_map_v2/summary,200
G-FC1,49152,12288,8192,steady,1170,5.3101,C_fluxag_cublas,5.7886,-0.4762,-0.6390,-0.3143,fused,1.090,-0.5800,0.1132,-0.0760,5.8838,5.7886,5.8863,0.9397,0.8093,4.9956,5.1369,results/e1_map_v2/summary,200
G-FC1,49152,12288,16384,steady,1155,10.2802,C_fluxag_cublas,11.1496,-0.8680,-1.0968,-0.6148,fused,1.085,-1.0204,0.1465,-0.2040,11.3413,11.1496,11.3018,1.7556,1.5009,9.7956,9.9456,results/v7_rerun/ag/summary,298
G-QKV,36864,12288,8,gpu,1410,0.2007,B_nccl_cublas,0.1157,0.0850,0.0758,0.0952,off,0.577,-0.0149,0.0256,0.0727,0.1157,0.1884,0.2145,0.0307,0.1006,0.0891,0.1157,results/e1_rerun_v2/summary,298
G-QKV,36864,12288,16,gpu,1410,0.2028,B_nccl_cublas,0.1188,0.0829,0.0737,0.0942,off,0.586,-0.0143,0.0261,0.0717,0.1188,0.1905,0.2171,0.0338,0.1001,0.0891,0.1157,results/e1_map_v2/summary,200
G-QKV,36864,12288,24,gpu,1410,0.2028,B_nccl_cublas,0.1311,0.0707,0.0625,0.0840,off,0.646,-0.0143,0.0184,0.0660,0.1311,0.1966,0.2171,0.0389,0.1009,0.0973,0.1157,results/e1_map_v2/summary,200
G-QKV,36864,12288,32,gpu,1410,0.2022,B_nccl_cublas,0.1341,0.0666,0.0573,0.0860,off,0.663,-0.0154,0.0184,0.0645,0.1341,0.1997,0.2186,0.0420,0.1013,0.0973,0.1157,results/e1_map_v2/summary,200
G-QKV,36864,12288,64,gpu,1410,0.1987,B_nccl_cublas,0.1403,0.0594,0.0399,0.0778,off,0.706,-0.0154,0.0113,0.0625,0.1403,0.2012,0.2140,0.0512,0.1092,0.0932,0.1045,results/e1_map_v2/summary,200
G-QKV,36864,12288,72,gpu,1410,0.2130,B_nccl_cublas,0.1557,0.0573,0.0379,0.0727,off,0.731,-0.0123,0.0102,0.0584,0.1557,0.2150,0.2253,0.0563,0.1088,0.1045,0.1167,results/e1_map_v2/summary,200
G-QKV,36864,12288,128,gpu,1410,0.2191,B_nccl_cublas,0.1659,0.0543,0.0389,0.0758,off,0.757,-0.0154,0.0143,0.0553,0.1659,0.2212,0.2355,0.0676,0.1162,0.1034,0.1178,results/e1_map_v2/summary,200
G-QKV,36864,12288,136,gpu,1410,0.2673,B_nccl_cublas,0.1859,0.0819,0.0666,0.0983,off,0.695,-0.0051,0.0292,0.0563,0.1859,0.2427,0.2714,0.0696,0.1188,0.1229,0.1536,results/e1_map_v2/summary,200
G-QKV,36864,12288,256,gpu,1410,0.2872,B_nccl_cublas,0.2109,0.0748,0.0522,0.0983,off,0.734,-0.0041,0.0215,0.0584,0.2109,0.2698,0.2898,0.0881,0.1327,0.1331,0.1567,results/e1_map_v2/summary,200
G-QKV,36864,12288,264,gpu,1410,0.3395,B_nccl_cublas,0.2499,0.0870,0.0696,0.1085,off,0.736,0.0251,0.0072,0.0553,0.2499,0.3051,0.3123,0.0891,0.1356,0.1674,0.1741,results/e1_map_v2/summary,200
G-QKV,36864,12288,512,gpu,1410,0.3871,B_nccl_cublas,0.3389,0.0492,0.0287,0.0891,off,0.876,-0.0389,0.0379,0.0533,0.3389,0.3922,0.4301,0.1188,0.1677,0.2253,0.2662,results/e1_map_v2/summary,200
G-QKV,36864,12288,520,gpu,1410,0.5217,B_nccl_cublas,0.4173,0.1039,0.0799,0.1270,off,0.800,0.0133,0.0384,0.0527,0.4173,0.4700,0.5079,0.1229,0.1684,0.3021,0.3410,results/e1_map_v2/summary,200
G-QKV,36864,12288,1024,gpu,1410,0.7403,B_nccl_cublas,0.6144,0.1239,0.0922,0.1741,off,0.830,0.0415,0.0410,0.0410,0.6144,0.6579,0.7014,0.1848,0.2251,0.4352,0.4813,results/e1_rerun_v2/summary,350
G-QKV,36864,12288,1032,gpu,1410,0.7311,B_nccl_cublas,0.6646,0.0635,0.0338,0.0983,off,0.909,0.0189,0.0154,0.0317,0.6646,0.6973,0.7127,0.1961,0.2256,0.4721,0.4884,results/e1_rerun_v2/summary,350
G-QKV,36864,12288,2048,gpu,1395,1.2984,B_nccl_cublas,1.1745,0.1219,0.0850,0.1464,off,0.905,0.1106,-0.0241,0.0343,1.1745,1.2124,1.1873,0.2744,0.3103,0.9073,0.8837,results/e1_rerun_v2/summary,350
G-QKV,36864,12288,3072,gpu,1335,1.5125,B_nccl_cublas,1.6220,-0.1116,-0.1382,-0.0881,fused,1.072,-0.2017,0.0758,0.0107,1.6220,1.6353,1.7142,0.3850,0.3971,1.2452,1.3230,results/e1_rerun_v2/summary,350
G-QKV,36864,12288,4096,gpu,1335,1.8575,D_fluxag_fluxgemm,2.1719,-0.3149,-0.3666,-0.2734,fused,1.169,-0.3149,-0.1679,-0.0072,2.3542,2.3460,2.1719,0.4915,0.4920,1.8596,1.6937,results/e1_map_v2/summary,200
G-QKV,36864,12288,6144,gpu,1275,2.9071,C_fluxag_cublas,3.2430,-0.3369,-0.3901,-0.2959,fused,1.116,-0.4695,0.1260,-0.0574,3.3065,3.2430,3.3741,0.7270,0.6651,2.5948,2.7156,results/e1_map_v2/summary,200
G-QKV,36864,12288,8192,gpu,1275,3.7335,C_fluxag_cublas,4.4104,-0.6651,-0.7209,-0.6257,fused,1.181,-0.7593,0.0865,-0.1055,4.5128,4.4104,4.4964,0.9493,0.8476,3.5635,3.6454,results/e1_map_v2/summary,200
G-QKV,36864,12288,16384,gpu,1245,7.2412,D_fluxag_fluxgemm,8.6891,-1.4387,-1.5739,-1.3343,fused,1.200,-1.4387,-0.0804,-0.2355,9.0332,8.7762,8.6891,1.7828,1.5444,7.2366,7.1301,results/v7_rerun/ag/summary,300
G-QKV,36864,12288,8,steady,1410,0.1858,B_nccl_cublas,0.1010,0.0847,0.0809,0.0875,off,0.544,-0.0149,0.0307,0.0689,0.1010,0.1702,0.2009,0.0217,0.0935,0.0731,0.1045,results/e1_rerun_v2/summary,350
G-QKV,36864,12288,16,steady,1410,0.1864,B_nccl_cublas,0.1036,0.0827,0.0798,0.0854,off,0.556,-0.0150,0.0307,0.0670,0.1036,0.1710,0.2017,0.0223,0.0935,0.0735,0.1046,results/e1_map_v2/summary,200
G-QKV,36864,12288,24,steady,1410,0.1874,B_nccl_cublas,0.1147,0.0726,0.0677,0.0767,off,0.612,-0.0145,0.0216,0.0656,0.1147,0.1803,0.2021,0.0236,0.0939,0.0822,0.1048,results/e1_map_v2/summary,200
G-QKV,36864,12288,32,steady,1410,0.1889,B_nccl_cublas,0.1165,0.0724,0.0666,0.0781,off,0.617,-0.0151,0.0219,0.0652,0.1165,0.1819,0.2041,0.0242,0.0943,0.0831,0.1052,results/e1_map_v2/summary,200
G-QKV,36864,12288,64,steady,1410,0.1813,B_nccl_cublas,0.1229,0.0584,0.0513,0.0645,off,0.678,-0.0143,0.0104,0.0617,0.1229,0.1845,0.1952,0.0307,0.0988,0.0814,0.0913,results/e1_map_v2/summary,200
G-QKV,36864,12288,72,steady,1410,0.1970,B_nccl_cublas,0.1404,0.0564,0.0504,0.0622,off,0.713,-0.0147,0.0142,0.0569,0.1404,0.1976,0.2118,0.0367,0.1013,0.0913,0.1058,results/e1_map_v2/summary,200
G-QKV,36864,12288,128,steady,1410,0.2052,B_nccl_cublas,0.1525,0.0533,0.0462,0.0588,off,0.743,-0.0149,0.0163,0.0513,0.1525,0.2042,0.2202,0.0468,0.1068,0.0910,0.1071,results/e1_map_v2/summary,200
G-QKV,36864,12288,136,steady,1410,0.2537,B_nccl_cublas,0.1730,0.0800,0.0729,0.0872,off,0.682,-0.0057,0.0337,0.0531,0.1730,0.2266,0.2596,0.0475,0.1077,0.1135,0.1443,results/e1_map_v2/summary,200
G-QKV,36864,12288,256,steady,1395,0.2708,B_nccl_cublas,0.2007,0.0703,0.0616,0.0791,off,0.741,-0.0067,0.0263,0.0501,0.2007,0.2515,0.2779,0.0649,0.1209,0.1253,0.1477,results/e1_map_v2/summary,200
G-QKV,36864,12288,264,steady,1380,0.3267,B_nccl_cublas,0.2395,0.0868,0.0810,0.0938,off,0.733,0.0306,0.0034,0.0530,0.2395,0.2930,0.2964,0.0668,0.1211,0.1654,0.1683,results/e1_map_v2/summary,200
G-QKV,36864,12288,512,steady,1320,0.3760,B_nccl_cublas,0.3361,0.0385,0.0285,0.0497,off,0.894,-0.0429,0.0331,0.0496,0.3361,0.3860,0.4198,0.0994,0.1465,0.2305,0.2630,results/v7_rerun/ag/summary,297
G-QKV,36864,12288,520,steady,1350,0.5109,B_nccl_cublas,0.4152,0.0953,0.0873,0.1036,off,0.813,0.0158,0.0296,0.0495,0.4152,0.4647,0.4956,0.0994,0.1455,0.3083,0.3354,results/v7_rerun/ag/summary,297
G-QKV,36864,12288,1024,steady,1290,0.7441,B_nccl_cublas,0.6558,0.0891,0.0749,0.1011,off,0.881,0.0414,0.0297,0.0173,0.6558,0.6718,0.7026,0.1818,0.1963,0.4637,0.4914,results/e1_rerun_v2/summary,330
G-QKV,36864,12288,1032,steady,1290,0.7311,B_nccl_cublas,0.7065,0.0245,0.0093,0.0380,off,0.966,0.0109,0.0057,0.0069,0.7065,0.7139,0.7202,0.1983,0.1988,0.5051,0.5081,results/e1_rerun_v2/summary,336
G-QKV,36864,12288,2048,steady,1260,1.3220,D_fluxag_fluxgemm,1.2271,0.0943,0.0598,0.1251,off,0.928,0.0943,-0.0527,0.0154,1.2671,1.2833,1.2271,0.2820,0.2789,0.9797,0.9233,results/e1_rerun_v2/summary,265
G-QKV,36864,12288,3072,steady,1200,1.5862,C_fluxag_cublas,1.7449,-0.1634,-0.2107,-0.1001,fused,1.100,-0.2198,0.0650,0.0026,1.7462,1.7449,1.8078,0.3965,0.3720,1.3460,1.4117,results/e1_rerun_v2/summary,273
G-QKV,36864,12288,4096,steady,1215,1.9304,D_fluxag_fluxgemm,2.2517,-0.3317,-0.4374,-0.2426,fused,1.166,-0.3317,-0.1770,-0.0335,2.4716,2.4375,2.2517,0.4954,0.4639,1.9662,1.7814,results/v7_rerun/ag/summary,255
G-QKV,36864,12288,6144,steady,1170,3.0715,C_fluxag_cublas,3.3242,-0.2733,-0.4062,-0.1109,fused,1.082,-0.4140,0.1552,-0.0566,3.3896,3.3242,3.4790,0.7294,0.6392,2.6900,2.8651,results/v7_rerun/ag/summary,292
G-QKV,36864,12288,8192,steady,1155,3.9781,C_fluxag_cublas,4.4804,-0.4949,-0.7041,-0.2947,fused,1.126,-0.6280,0.1587,-0.1066,4.5884,4.4804,4.5967,0.9461,0.8117,3.6637,3.8365,results/v7_rerun/ag/summary,295
G-QKV,36864,12288,16384,steady,1140,7.8611,C_fluxag_cublas,8.7853,-0.9355,-1.1423,-0.6833,fused,1.118,-1.0672,0.1447,-0.1977,8.9758,8.7853,8.9139,1.7509,1.4995,7.3968,7.5926,results/v7_rerun/ag/summary,282
L-GU,57344,8192,8,gpu,1410,0.2109,B_nccl_cublas,0.1260,0.0850,0.0758,0.0942,off,0.597,-0.0143,0.0256,0.0737,0.1260,0.1997,0.2243,0.0328,0.1003,0.0983,0.1249,results/e1_rerun_v2/summary,350
L-GU,57344,8192,16,gpu,1410,0.2099,B_nccl_cublas,0.1270,0.0829,0.0737,0.0942,off,0.605,-0.0143,0.0261,0.0717,0.1270,0.1976,0.2243,0.0338,0.0998,0.0983,0.1249,results/e1_map_v2/summary,200
L-GU,57344,8192,24,gpu,1410,0.2120,B_nccl_cublas,0.1434,0.0676,0.0563,0.0789,off,0.676,-0.0133,0.0102,0.0717,0.1434,0.2130,0.2243,0.0348,0.1008,0.1137,0.1249,results/e1_map_v2/summary,200
L-GU,57344,8192,32,gpu,1410,0.2109,B_nccl_cublas,0.1475,0.0625,0.0522,0.0737,off,0.699,-0.0143,0.0113,0.0666,0.1475,0.2130,0.2253,0.0379,0.0997,0.1137,0.1249,results/e1_map_v2/summary,200
L-GU,57344,8192,64,gpu,1410,0.2038,B_nccl_cublas,0.1459,0.0584,0.0420,0.0727,off,0.716,-0.0154,0.0113,0.0625,0.1459,0.2089,0.2191,0.0471,0.1050,0.1024,0.1137,results/e1_map_v2/summary,200
L-GU,57344,8192,72,gpu,1410,0.2156,B_nccl_cublas,0.1905,0.0256,0.0113,0.0420,off,0.884,-0.0154,-0.0225,0.0635,0.1905,0.2519,0.2304,0.0502,0.1056,0.1485,0.1249,results/e1_map_v2/summary,200
L-GU,57344,8192,128,gpu,1410,0.2243,B_nccl_cublas,0.1761,0.0491,0.0307,0.0676,off,0.785,-0.0133,0.0041,0.0573,0.1761,0.2330,0.2376,0.0584,0.1109,0.1198,0.1260,results/e1_map_v2/summary,200
L-GU,57344,8192,136,gpu,1410,0.2939,B_nccl_cublas,0.1864,0.1075,0.0881,0.1260,off,0.634,0.0235,0.0266,0.0579,0.1864,0.2437,0.2703,0.0594,0.1116,0.1311,0.1577,results/e1_map_v2/summary,200
L-GU,57344,8192,256,gpu,1410,0.3082,B_nccl_cublas,0.2371,0.0717,0.0522,0.0952,off,0.769,0.0236,-0.0077,0.0533,0.2371,0.2908,0.2837,0.0763,0.1243,0.1669,0.1597,results/e1_map_v2/summary,200
L-GU,57344,8192,264,gpu,1410,0.3717,B_nccl_cublas,0.2918,0.0809,0.0604,0.0993,off,0.785,-0.0184,0.0445,0.0532,0.2918,0.3451,0.3901,0.0778,0.1241,0.2181,0.2652,results/e1_map_v2/summary,200
L-GU,57344,8192,512,gpu,1410,0.3973,D_fluxag_fluxgemm,0.4035,-0.0072,-0.0328,0.0246,tie,1.015,-0.0072,-0.0650,0.0502,0.4178,0.4690,0.4035,0.1014,0.1480,0.3215,0.2570,results/e1_map_v2/summary,200
L-GU,57344,8192,520,gpu,1410,0.4915,B_nccl_cublas,0.3983,0.0942,0.0707,0.1219,off,0.810,-0.0113,0.0522,0.0532,0.3983,0.4516,0.5038,0.1014,0.1460,0.3031,0.3594,results/e1_map_v2/summary,200
L-GU,57344,8192,1024,gpu,1410,0.6728,D_fluxag_fluxgemm,0.6769,-0.0026,-0.0481,0.0287,tie,1.006,-0.0026,-0.0471,0.0399,0.6851,0.7270,0.6769,0.1557,0.1935,0.5325,0.4946,results/e1_rerun_v2/summary,350
L-GU,57344,8192,1032,gpu,1410,0.7403,B_nccl_cublas,0.6871,0.0512,0.0143,0.0881,off,0.928,-0.0061,0.0154,0.0399,0.6871,0.7301,0.7465,0.1557,0.1970,0.5345,0.5550,results/e1_rerun_v2/summary,350
L-GU,57344,8192,2048,gpu,1395,1.2237,D_fluxag_fluxgemm,1.2175,0.0082,-0.0451,0.0492,tie,0.995,0.0082,-0.0435,0.0246,1.2319,1.2626,1.2175,0.2263,0.2609,1.0127,0.9615,results/e1_rerun_v2/summary,350
L-GU,57344,8192,3072,gpu,1335,1.6015,B_nccl_cublas,1.7306,-0.1300,-0.1628,-0.1116,fused,1.081,-0.1643,-0.0015,0.0297,1.7306,1.7628,1.7638,0.2806,0.3177,1.4602,1.4505,results/e1_rerun_v2/summary,350
L-GU,57344,8192,4096,gpu,1320,2.6061,B_nccl_cublas,2.2436,0.3635,0.3348,0.3820,off,0.861,-0.3226,0.6661,0.0195,2.2436,2.2666,2.9307,0.3589,0.3825,1.8964,2.5508,results/e1_map_v2/summary,200
L-GU,57344,8192,6144,gpu,1290,3.0505,C_fluxag_cublas,3.2978,-0.2499,-0.2990,-0.2038,fused,1.081,-0.4239,0.1777,-0.0082,3.3034,3.2978,3.4739,0.5028,0.4939,2.8047,2.9676,results/e1_map_v2/summary,200
L-GU,57344,8192,8192,gpu,1275,4.0474,C_fluxag_cublas,4.3402,-0.2923,-0.3533,-0.2406,fused,1.072,-0.5683,0.2816,-0.0671,4.4093,4.3402,4.6182,0.6830,0.6203,3.7258,4.0069,results/e1_map_v2/summary,200
L-GU,57344,8192,16384,gpu,1245,7.5546,D_fluxag_fluxgemm,8.5448,-0.9882,-1.0895,-0.9001,fused,1.131,-0.9882,-0.1116,-0.1628,8.8212,8.6625,8.5448,1.2390,1.0873,7.5735,7.4619,results/e1_map_v2/summary,200
L-GU,57344,8192,8,steady,1410,0.1958,B_nccl_cublas,0.1094,0.0863,0.0833,0.0891,off,0.559,-0.0152,0.0328,0.0686,0.1094,0.1783,0.2111,0.0216,0.0935,0.0820,0.1142,results/e1_rerun_v2/summary,350
L-GU,57344,8192,16,steady,1410,0.1959,B_nccl_cublas,0.1114,0.0845,0.0810,0.0876,off,0.569,-0.0154,0.0319,0.0681,0.1114,0.1797,0.2114,0.0219,0.0935,0.0826,0.1144,results/e1_map_v2/summary,200
L-GU,57344,8192,24,steady,1410,0.1964,B_nccl_cublas,0.1269,0.0693,0.0658,0.0730,off,0.646,-0.0153,0.0173,0.0674,0.1269,0.1946,0.2117,0.0225,0.0936,0.0970,0.1145,results/e1_map_v2/summary,200
L-GU,57344,8192,32,steady,1410,0.1974,B_nccl_cublas,0.1295,0.0678,0.0645,0.0717,off,0.656,-0.0149,0.0168,0.0660,0.1295,0.1955,0.2121,0.0232,0.0938,0.0974,0.1147,results/e1_map_v2/summary,200
L-GU,57344,8192,64,steady,1410,0.1872,B_nccl_cublas,0.1267,0.0606,0.0547,0.0668,off,0.676,-0.0143,0.0131,0.0617,0.1267,0.1886,0.2016,0.0299,0.0965,0.0863,0.1003,results/e1_map_v2/summary,200
L-GU,57344,8192,72,steady,1410,0.2020,B_nccl_cublas,0.1732,0.0294,0.0228,0.0362,off,0.857,-0.0145,-0.0166,0.0606,0.1732,0.2336,0.2170,0.0299,0.0971,0.1318,0.1154,results/e1_map_v2/summary,200
L-GU,57344,8192,128,steady,1410,0.2088,B_nccl_cublas,0.1557,0.0532,0.0460,0.0595,off,0.745,-0.0149,0.0105,0.0572,0.1557,0.2126,0.2234,0.0373,0.1026,0.1030,0.1167,results/e1_map_v2/summary,200
L-GU,57344,8192,136,steady,1410,0.2792,B_nccl_cublas,0.1661,0.1128,0.1045,0.1182,off,0.595,0.0237,0.0308,0.0588,0.1661,0.2246,0.2557,0.0379,0.1034,0.1180,0.1471,results/e1_map_v2/summary,200
L-GU,57344,8192,256,steady,1395,0.2944,B_nccl_cublas,0.2240,0.0706,0.0628,0.0774,off,0.761,0.0251,-0.0058,0.0502,0.2240,0.2749,0.2693,0.0543,0.1120,0.1569,0.1506,results/e1_map_v2/summary,200
L-GU,57344,8192,264,steady,1395,0.3592,B_nccl_cublas,0.2797,0.0794,0.0723,0.0865,off,0.779,-0.0149,0.0404,0.0539,0.2797,0.3340,0.3742,0.0549,0.1133,0.2156,0.2542,results/e1_map_v2/summary,200
L-GU,57344,8192,512,steady,1365,0.3858,D_fluxag_fluxgemm,0.3946,-0.0080,-0.0189,0.0021,tie,1.023,-0.0080,-0.0694,0.0498,0.4135,0.4634,0.3946,0.0790,0.1275,0.3257,0.2568,results/e1_map_v2/summary,200
L-GU,57344,8192,520,steady,1320,0.4851,B_nccl_cublas,0.4063,0.0786,0.0702,0.0866,off,0.837,-0.0163,0.0468,0.0481,0.4063,0.4548,0.5023,0.0820,0.1304,0.3169,0.3597,results/e1_map_v2/summary,200
L-GU,57344,8192,1024,steady,1320,0.6716,D_fluxag_fluxgemm,0.6825,-0.0118,-0.0227,0.0014,tie,1.016,-0.0118,-0.0525,0.0210,0.7155,0.7360,0.6825,0.1508,0.1706,0.5599,0.5037,results/e1_rerun_v2/summary,350
L-GU,57344,8192,1032,steady,1290,0.7428,B_nccl_cublas,0.7302,0.0120,-0.0011,0.0265,tie,0.983,-0.0151,0.0068,0.0211,0.7302,0.7506,0.7573,0.1597,0.1761,0.5728,0.5762,results/e1_rerun_v2/summary,350
L-GU,57344,8192,2048,steady,1260,1.2596,D_fluxag_fluxgemm,1.2703,-0.0087,-0.0452,0.0289,tie,1.008,-0.0087,-0.0704,0.0106,1.3286,1.3430,1.2703,0.2244,0.2272,1.0977,1.0164,results/e1_rerun_v2/summary,299
L-GU,57344,8192,3072,steady,1215,1.6743,D_fluxag_fluxgemm,1.8528,-0.1759,-0.2484,-0.1169,fused,1.107,-0.1759,-0.0223,0.0172,1.8555,1.8706,1.8528,0.2877,0.2832,1.5627,1.5432,results/e1_rerun_v2/summary,318
L-GU,57344,8192,4096,steady,1245,2.7489,C_fluxag_cublas,2.3397,0.4073,0.3493,0.4744,off,0.851,-0.2948,0.7059,-0.0001,2.3434,2.3397,3.0446,0.3595,0.3427,1.9879,2.6822,results/e1_map_v2/summary,200
L-GU,57344,8192,6144,steady,1185,3.2224,C_fluxag_cublas,3.3902,-0.1814,-0.3010,-0.0526,fused,1.052,-0.3569,0.1828,-0.0215,3.4089,3.3902,3.5604,0.5008,0.4682,2.9278,3.0997,results/v7_rerun/ag/summary,296
L-GU,57344,8192,8192,steady,1170,4.2882,C_fluxag_cublas,4.4299,-0.1454,-0.2884,-0.0003,fused,1.033,-0.4480,0.2869,-0.0447,4.4866,4.4299,4.7205,0.6776,0.5858,3.8435,4.1483,results/e1_map_v2/summary,200
L-GU,57344,8192,16384,steady,1155,7.9959,C_fluxag_cublas,8.6613,-0.6556,-0.8701,-0.4374,fused,1.083,-0.7154,0.0391,-0.1507,8.7844,8.6613,8.6932,1.2257,1.0409,7.7035,7.7520,results/v7_rerun/ag/summary,294
L-QKV,10240,8192,8,gpu,1410,0.1597,B_nccl_cublas,0.0563,0.1024,0.0942,0.1126,off,0.353,-0.0143,0.0420,0.0758,0.0563,0.1311,0.1741,0.0317,0.0996,0.0307,0.0737,results/e1_rerun_v2/summary,301
L-QKV,10240,8192,16,gpu,1410,0.1597,B_nccl_cublas,0.0584,0.1024,0.0911,0.1096,off,0.365,-0.0133,0.0410,0.0737,0.0584,0.1321,0.1731,0.0317,0.1001,0.0307,0.0737,results/e1_map_v2/summary,200
L-QKV,10240,8192,24,gpu,1410,0.1608,B_nccl_cublas,0.0594,0.1004,0.0911,0.1106,off,0.369,-0.0143,0.0430,0.0727,0.0594,0.1311,0.1751,0.0348,0.1002,0.0307,0.0737,results/e1_map_v2/summary,200
L-QKV,10240,8192,32,gpu,1410,0.1597,B_nccl_cublas,0.0635,0.0963,0.0870,0.1085,off,0.397,-0.0143,0.0420,0.0686,0.0635,0.1311,0.1741,0.0379,0.0999,0.0307,0.0747,results/e1_map_v2/summary,200
L-QKV,10240,8192,64,gpu,1410,0.1649,B_nccl_cublas,0.0727,0.0911,0.0788,0.1096,off,0.441,-0.0149,0.0420,0.0645,0.0727,0.1382,0.1802,0.0471,0.1042,0.0328,0.0747,results/e1_map_v2/summary,200
L-QKV,10240,8192,72,gpu,1410,0.1659,B_nccl_cublas,0.0799,0.0870,0.0707,0.1034,off,0.481,-0.0149,0.0379,0.0635,0.0799,0.1434,0.1802,0.0502,0.1056,0.0369,0.0758,results/e1_map_v2/summary,200
L-QKV,10240,8192,128,gpu,1410,0.1720,B_nccl_cublas,0.0891,0.0840,0.0666,0.0993,off,0.518,-0.0133,0.0369,0.0609,0.0891,0.1495,0.1853,0.0594,0.1098,0.0369,0.0758,results/e1_map_v2/summary,200
L-QKV,10240,8192,136,gpu,1410,0.1649,B_nccl_cublas,0.0947,0.0707,0.0532,0.0911,off,0.575,-0.0143,0.0241,0.0594,0.0947,0.1557,0.1807,0.0563,0.1105,0.0451,0.0686,results/e1_map_v2/summary,200
L-QKV,10240,8192,256,gpu,1410,0.1772,B_nccl_cublas,0.1162,0.0625,0.0451,0.0870,off,0.656,-0.0154,0.0246,0.0543,0.1162,0.1700,0.1935,0.0758,0.1218,0.0471,0.0717,results/e1_map_v2/summary,200
L-QKV,10240,8192,264,gpu,1410,0.1812,B_nccl_cublas,0.1249,0.0573,0.0399,0.0727,off,0.689,-0.0184,0.0205,0.0538,0.1249,0.1782,0.1981,0.0758,0.1227,0.0553,0.0768,results/e1_map_v2/summary,200
L-QKV,10240,8192,512,gpu,1410,0.2089,B_nccl_cublas,0.1562,0.0532,0.0338,0.0809,off,0.748,-0.0200,0.0184,0.0512,0.1562,0.2063,0.2273,0.0973,0.1445,0.0625,0.0819,results/e1_map_v2/summary,200
L-QKV,10240,8192,520,gpu,1410,0.2212,B_nccl_cublas,0.1638,0.0553,0.0369,0.0819,off,0.741,-0.0051,0.0102,0.0538,0.1638,0.2166,0.2263,0.0998,0.1462,0.0696,0.0789,results/e1_map_v2/summary,200
L-QKV,10240,8192,1024,gpu,1410,0.2918,B_nccl_cublas,0.2611,0.0307,0.0031,0.0625,off,0.895,-0.0102,-0.0005,0.0399,0.2611,0.3026,0.3000,0.1546,0.1902,0.1106,0.1106,results/e1_rerun_v2/summary,350
L-QKV,10240,8192,1032,gpu,1410,0.3011,B_nccl_cublas,0.2693,0.0307,0.0020,0.0635,off,0.895,-0.0072,-0.0041,0.0435,0.2693,0.3154,0.3103,0.1546,0.1903,0.1188,0.1208,results/e1_rerun_v2/summary,350
L-QKV,10240,8192,2048,gpu,1410,0.4321,B_nccl_cublas,0.4373,-0.0072,-0.0287,0.0389,tie,1.012,-0.0169,-0.0246,0.0348,0.4373,0.4751,0.4485,0.2232,0.2515,0.2181,0.2007,results/e1_rerun_v2/summary,350
L-QKV,10240,8192,3072,gpu,1410,0.4393,D_fluxag_fluxgemm,0.5847,-0.1423,-0.1792,-0.1055,fused,1.331,-0.1423,-0.0497,0.0420,0.5888,0.6318,0.5847,0.2703,0.3055,0.3236,0.2826,results/e1_rerun_v2/summary,350
L-QKV,10240,8192,4096,gpu,1410,0.5437,B_nccl_cublas,0.7485,-0.2048,-0.2222,-0.1690,fused,1.377,-0.2980,0.0758,0.0184,0.7485,0.7695,0.8448,0.3471,0.3653,0.4055,0.4997,results/e1_map_v2/summary,200
L-QKV,10240,8192,6144,gpu,1410,0.7045,D_fluxag_fluxgemm,1.0040,-0.3036,-0.3482,-0.2765,fused,1.425,-0.3036,-0.0061,0.0000,1.0107,1.0107,1.0040,0.4803,0.4783,0.5376,0.5325,results/e1_map_v2/summary,200
L-QKV,10240,8192,8192,gpu,1410,0.8320,C_fluxag_cublas,1.2037,-0.3681,-0.4055,-0.3349,fused,1.447,-0.4454,0.0768,-0.0635,1.2646,1.2037,1.2820,0.6605,0.5917,0.6113,0.7004,results/e1_map_v2/summary,200
L-QKV,10240,8192,16384,gpu,1395,1.4787,C_fluxag_cublas,2.2651,-0.7921,-0.8397,-0.7516,fused,1.532,-0.9027,0.1126,-0.1608,2.4279,2.2651,2.3803,1.2145,1.0533,1.2216,1.3384,results/e1_map_v2/summary,200
L-QKV,10240,8192,8,steady,1410,0.1444,B_nccl_cublas,0.0468,0.0974,0.0843,0.0994,off,0.324,-0.0143,0.0430,0.0687,0.0468,0.1159,0.1590,0.0215,0.0930,0.0223,0.0649,results/e1_rerun_v2/summary,350
L-QKV,10240,8192,16,steady,1410,0.1445,B_nccl_cublas,0.0481,0.0964,0.0806,0.0985,off,0.333,-0.0145,0.0428,0.0678,0.0481,0.1162,0.1588,0.0219,0.0930,0.0225,0.0649,results/e1_map_v2/summary,200
L-QKV,10240,8192,24,steady,1410,0.1452,B_nccl_cublas,0.0484,0.0962,0.0799,0.0988,off,0.334,-0.0143,0.0432,0.0672,0.0484,0.1161,0.1594,0.0222,0.0932,0.0220,0.0650,results/e1_map_v2/summary,200
L-QKV,10240,8192,32,steady,1410,0.1452,B_nccl_cublas,0.0504,0.0944,0.0814,0.0987,off,0.347,-0.0146,0.0434,0.0660,0.0504,0.1168,0.1598,0.0231,0.0932,0.0221,0.0651,results/e1_map_v2/summary,200
L-QKV,10240,8192,64,steady,1410,0.1496,B_nccl_cublas,0.0595,0.0900,0.0793,0.0942,off,0.398,-0.0140,0.0419,0.0622,0.0595,0.1218,0.1637,0.0297,0.0962,0.0239,0.0655,results/e1_map_v2/summary,200
L-QKV,10240,8192,72,steady,1410,0.1498,B_nccl_cublas,0.0634,0.0866,0.0810,0.0915,off,0.423,-0.0142,0.0391,0.0615,0.0634,0.1250,0.1640,0.0304,0.0971,0.0267,0.0655,results/e1_map_v2/summary,200
L-QKV,10240,8192,128,steady,1410,0.1555,B_nccl_cublas,0.0722,0.0833,0.0762,0.0879,off,0.464,-0.0147,0.0382,0.0589,0.0722,0.1316,0.1701,0.0371,0.1023,0.0278,0.0657,results/e1_map_v2/summary,200
L-QKV,10240,8192,136,steady,1410,0.1521,B_nccl_cublas,0.0785,0.0734,0.0651,0.0779,off,0.516,-0.0126,0.0259,0.0598,0.0785,0.1389,0.1649,0.0378,0.1032,0.0341,0.0590,results/e1_map_v2/summary,200
L-QKV,10240,8192,256,steady,1410,0.1617,B_nccl_cublas,0.1008,0.0609,0.0553,0.0670,off,0.624,-0.0148,0.0245,0.0514,0.1008,0.1517,0.1761,0.0549,0.1131,0.0368,0.0605,results/e1_map_v2/summary,200
L-QKV,10240,8192,264,steady,1410,0.1669,B_nccl_cublas,0.1102,0.0571,0.0502,0.0628,off,0.660,-0.0143,0.0184,0.0522,0.1102,0.1628,0.1811,0.0549,0.1129,0.0467,0.0653,results/e1_map_v2/summary,200
L-QKV,10240,8192,512,steady,1410,0.1939,B_nccl_cublas,0.1415,0.0515,0.0436,0.0600,off,0.730,-0.0123,0.0126,0.0509,0.1415,0.1925,0.2052,0.0776,0.1293,0.0571,0.0703,results/e1_map_v2/summary,200
L-QKV,10240,8192,520,steady,1410,0.2004,B_nccl_cublas,0.1491,0.0513,0.0433,0.0595,off,0.744,-0.0091,0.0095,0.0502,0.1491,0.1999,0.2096,0.0773,0.1297,0.0641,0.0733,results/e1_map_v2/summary,200
L-QKV,10240,8192,1024,steady,1410,0.2682,B_nccl_cublas,0.2547,0.0130,-0.0008,0.0260,tie,0.950,-0.0084,-0.0020,0.0230,0.2547,0.2781,0.2763,0.1396,0.1627,0.1059,0.1034,results/e1_rerun_v2/summary,350
L-QKV,10240,8192,1032,steady,1410,0.2756,B_nccl_cublas,0.2621,0.0125,-0.0005,0.0255,tie,0.951,-0.0103,-0.0023,0.0247,0.2621,0.2878,0.2853,0.1395,0.1643,0.1142,0.1132,results/e1_rerun_v2/summary,350
L-QKV,10240,8192,2048,steady,1410,0.4086,D_fluxag_fluxgemm,0.4240,-0.0161,-0.0355,0.0053,tie,1.038,-0.0161,-0.0218,0.0142,0.4307,0.4461,0.4240,0.2106,0.2152,0.2147,0.1935,results/e1_rerun_v2/summary,350
L-QKV,10240,8192,3072,steady,1395,0.4251,D_fluxag_fluxgemm,0.5576,-0.1326,-0.1471,-0.1171,fused,1.312,-0.1326,-0.0511,0.0215,0.5887,0.6098,0.5576,0.2623,0.2675,0.3229,0.2724,results/e1_rerun_v2/summary,348
L-QKV,10240,8192,4096,steady,1395,0.5288,C_fluxag_cublas,0.7494,-0.2211,-0.2361,-0.2062,fused,1.417,-0.3019,0.0814,-0.0003,0.7500,0.7494,0.8302,0.3421,0.3273,0.4058,0.4758,results/v7_rerun/ag/summary,292
L-QKV,10240,8192,6144,steady,1335,0.6797,D_fluxag_fluxgemm,0.9917,-0.3109,-0.3282,-0.2960,fused,1.459,-0.3109,-0.0156,-0.0190,1.0235,1.0053,0.9917,0.4741,0.4472,0.5457,0.5299,results/v7_rerun/ag/summary,293
L-QKV,10240,8192,8192,steady,1335,0.8255,C_fluxag_cublas,1.1979,-0.3715,-0.3928,-0.3446,fused,1.451,-0.4434,0.0756,-0.0848,1.2817,1.1979,1.2727,0.6547,0.5647,0.6241,0.6938,results/v7_rerun/ag/summary,221
L-QKV,10240,8192,16384,steady,1260,1.4822,C_fluxag_cublas,2.3047,-0.8238,-0.9008,-0.7370,fused,1.555,-0.9374,0.1239,-0.1810,2.4776,2.3047,2.4250,1.2103,1.0290,1.2642,1.3699,results/v7_rerun/ag/summary,561
