phase,mode,L,M,round,policy,order_pos,rank_max_ms,kept
decode,graph,4,128,0,tp_ar,0,2.47091,1
decode,graph,4,128,0,tp_ar_vllm,2,2.45862,1
decode,graph,4,128,0,sp_nccl,1,2.81600,1
decode,graph,4,128,1,tp_ar,1,2.46477,1
decode,graph,4,128,1,tp_ar_vllm,0,2.45658,1
decode,graph,4,128,1,sp_nccl,2,2.90406,1
decode,graph,4,128,2,tp_ar,0,2.58150,1
decode,graph,4,128,2,tp_ar_vllm,1,2.48218,1
decode,graph,4,128,2,sp_nccl,2,2.82112,1
decode,graph,4,128,3,tp_ar,0,2.46272,1
decode,graph,4,128,3,tp_ar_vllm,1,2.47398,1
decode,graph,4,128,3,sp_nccl,2,2.82419,1
decode,graph,4,128,4,tp_ar,2,2.46989,1
decode,graph,4,128,4,tp_ar_vllm,0,2.66138,1
decode,graph,4,128,4,sp_nccl,1,2.84570,1
decode,graph,4,128,5,tp_ar,0,2.44429,1
decode,graph,4,128,5,tp_ar_vllm,1,2.47398,1
decode,graph,4,128,5,sp_nccl,2,2.79552,1
decode,graph,4,128,6,tp_ar,0,2.54259,1
decode,graph,4,128,6,tp_ar_vllm,2,2.45146,1
decode,graph,4,128,6,sp_nccl,1,2.91942,1
decode,graph,4,128,7,tp_ar,2,2.45453,1
decode,graph,4,128,7,tp_ar_vllm,0,2.43200,1
decode,graph,4,128,7,sp_nccl,1,2.80883,1
decode,graph,4,128,8,tp_ar,1,2.68698,1
decode,graph,4,128,8,tp_ar_vllm,2,2.48934,1
decode,graph,4,128,8,sp_nccl,0,2.78528,1
decode,graph,4,128,9,tp_ar,2,2.43098,1
decode,graph,4,128,9,tp_ar_vllm,1,2.45350,1
decode,graph,4,128,9,sp_nccl,0,2.80064,1
