group,dim0,dim1,M,mode,item,median_ms,n_kept
ag,1536,16384,16,gpu,A_fused,0.19251,128
ag,1536,16384,16,gpu,c_cublas,0.05427,128
ag,1536,16384,16,gpu,c_flux_ag,0.10275,128
ag,1536,16384,16,gpu,c_fluxgemm,0.10138,128
ag,1536,16384,16,steady,A_fused,0.17130,50
ag,1536,16384,16,steady,c_cublas,0.03968,50
ag,1536,16384,16,steady,c_flux_ag,0.09335,50
ag,1536,16384,16,steady,c_fluxgemm,0.08986,50
ag,1536,16384,128,gpu,A_fused,0.21555,200
ag,1536,16384,128,gpu,c_cublas,0.06246,200
ag,1536,16384,128,gpu,c_flux_ag,0.12627,200
ag,1536,16384,128,gpu,c_fluxgemm,0.10342,200
ag,1536,16384,128,steady,A_fused,0.19293,50
ag,1536,16384,128,steady,c_cublas,0.05062,50
ag,1536,16384,128,steady,c_flux_ag,0.11288,50
ag,1536,16384,128,steady,c_fluxgemm,0.09229,50
ag,1536,16384,512,gpu,A_fused,0.31027,200
ag,1536,16384,512,gpu,c_cublas,0.13414,200
ag,1536,16384,512,gpu,c_flux_ag,0.18386,200
ag,1536,16384,512,gpu,c_fluxgemm,0.15360,200
ag,1536,16384,512,steady,A_fused,0.29027,50
ag,1536,16384,512,steady,c_cublas,0.12790,50
ag,1536,16384,512,steady,c_flux_ag,0.15835,50
ag,1536,16384,512,steady,c_fluxgemm,0.14304,50
ag,1536,16384,2048,gpu,A_fused,0.93286,200
ag,1536,16384,2048,gpu,c_cublas,0.41165,200
ag,1536,16384,2048,gpu,c_flux_ag,0.36233,200
ag,1536,16384,2048,gpu,c_fluxgemm,0.50893,200
ag,1536,16384,2048,steady,A_fused,0.93165,46
ag,1536,16384,2048,steady,c_cublas,0.42873,46
ag,1536,16384,2048,steady,c_flux_ag,0.33981,46
ag,1536,16384,2048,steady,c_fluxgemm,0.51040,46
ag,1536,16384,8192,gpu,A_fused,1.87392,200
ag,1536,16384,8192,gpu,c_cublas,1.57901,200
ag,1536,16384,8192,gpu,c_flux_ag,1.04587,200
ag,1536,16384,8192,gpu,c_fluxgemm,1.58310,200
ag,1536,16384,8192,steady,A_fused,1.93248,16
ag,1536,16384,8192,steady,c_cublas,1.70429,16
ag,1536,16384,8192,steady,c_flux_ag,1.04011,16
ag,1536,16384,8192,steady,c_fluxgemm,1.65654,16
ag,2560,5120,16,gpu,A_fused,0.15565,200
ag,2560,5120,16,gpu,c_cublas,0.03584,200
ag,2560,5120,16,gpu,c_flux_ag,0.10290,200
ag,2560,5120,16,gpu,c_fluxgemm,0.06758,200
ag,2560,5120,16,steady,A_fused,0.13638,50
ag,2560,5120,16,steady,c_cublas,0.02592,50
ag,2560,5120,16,steady,c_flux_ag,0.09287,50
ag,2560,5120,16,steady,c_fluxgemm,0.05654,50
ag,2560,5120,128,gpu,A_fused,0.16282,200
ag,2560,5120,128,gpu,c_cublas,0.04301,200
ag,2560,5120,128,gpu,c_flux_ag,0.10792,200
ag,2560,5120,128,gpu,c_fluxgemm,0.06861,200
ag,2560,5120,128,steady,A_fused,0.14285,50
ag,2560,5120,128,steady,c_cublas,0.03379,50
ag,2560,5120,128,steady,c_flux_ag,0.09715,50
ag,2560,5120,128,steady,c_fluxgemm,0.05766,50
ag,2560,5120,512,gpu,A_fused,0.21094,200
ag,2560,5120,512,gpu,c_cublas,0.07373,200
ag,2560,5120,512,gpu,c_flux_ag,0.13148,200
ag,2560,5120,512,gpu,c_fluxgemm,0.08192,200
ag,2560,5120,512,steady,A_fused,0.18781,50
ag,2560,5120,512,steady,c_cublas,0.06880,50
ag,2560,5120,512,steady,c_flux_ag,0.11560,50
ag,2560,5120,512,steady,c_fluxgemm,0.07539,50
ag,2560,5120,2048,gpu,A_fused,0.34099,200
ag,2560,5120,2048,gpu,c_cublas,0.25907,200
ag,2560,5120,2048,gpu,c_flux_ag,0.19661,200
ag,2560,5120,2048,gpu,c_fluxgemm,0.22323,200
ag,2560,5120,2048,steady,A_fused,0.32681,50
ag,2560,5120,2048,steady,c_cublas,0.26307,50
ag,2560,5120,2048,steady,c_flux_ag,0.17183,50
ag,2560,5120,2048,steady,c_fluxgemm,0.22263,50
ag,2560,5120,8192,gpu,A_fused,0.97997,200
ag,2560,5120,8192,gpu,c_cublas,0.76800,200
ag,2560,5120,8192,gpu,c_flux_ag,0.41539,200
ag,2560,5120,8192,gpu,c_fluxgemm,0.86016,200
ag,2560,5120,8192,steady,A_fused,1.04835,50
ag,2560,5120,8192,steady,c_cublas,0.85447,50
ag,2560,5120,8192,steady,c_flux_ag,0.40736,50
ag,2560,5120,8192,steady,c_fluxgemm,0.93463,50
ag,5120,10240,16,gpu,A_fused,0.20582,200
ag,5120,10240,16,gpu,c_cublas,0.08448,200
ag,5120,10240,16,gpu,c_flux_ag,0.10323,200
ag,5120,10240,16,gpu,c_fluxgemm,0.11776,200
ag,5120,10240,16,steady,A_fused,0.18941,50
ag,5120,10240,16,steady,c_cublas,0.06861,50
ag,5120,10240,16,steady,c_flux_ag,0.09325,50
ag,5120,10240,16,steady,c_fluxgemm,0.10761,50
ag,5120,10240,128,gpu,A_fused,0.22323,200
ag,5120,10240,128,gpu,c_cublas,0.10650,200
ag,5120,10240,128,gpu,c_flux_ag,0.11843,200
ag,5120,10240,128,gpu,c_fluxgemm,0.11981,200
ag,5120,10240,128,steady,A_fused,0.20391,50
ag,5120,10240,128,steady,c_cublas,0.09290,50
ag,5120,10240,128,steady,c_flux_ag,0.10490,50
ag,5120,10240,128,steady,c_fluxgemm,0.10950,50
ag,5120,10240,512,gpu,A_fused,0.45363,200
ag,5120,10240,512,gpu,c_cublas,0.25395,200
ag,5120,10240,512,gpu,c_flux_ag,0.16251,200
ag,5120,10240,512,gpu,c_fluxgemm,0.28160,200
ag,5120,10240,512,steady,A_fused,0.44144,50
ag,5120,10240,512,steady,c_cublas,0.25815,50
ag,5120,10240,512,steady,c_flux_ag,0.13594,50
ag,5120,10240,512,steady,c_fluxgemm,0.27607,50
ag,5120,10240,2048,gpu,A_fused,0.99482,200
ag,5120,10240,2048,gpu,c_cublas,0.74957,200
ag,5120,10240,2048,gpu,c_flux_ag,0.27842,200
ag,5120,10240,2048,gpu,c_fluxgemm,0.80794,200
ag,5120,10240,2048,steady,A_fused,1.05152,50
ag,5120,10240,2048,steady,c_cublas,0.84755,50
ag,5120,10240,2048,steady,c_flux_ag,0.26599,50
ag,5120,10240,2048,steady,c_fluxgemm,0.89287,50
ag,5120,10240,8192,gpu,A_fused,3.59014,200
ag,5120,10240,8192,gpu,c_cublas,3.28909,200
ag,5120,10240,8192,gpu,c_flux_ag,0.72237,200
ag,5120,10240,8192,gpu,c_fluxgemm,3.47648,200
ag,5120,10240,8192,steady,A_fused,3.76534,50
ag,5120,10240,8192,steady,c_cublas,3.42499,50
ag,5120,10240,8192,steady,c_flux_ag,0.70974,50
ag,5120,10240,8192,steady,c_fluxgemm,3.60282,50
comm,1,6144,8,gpu,c_flux_ag,0.09798,200
comm,1,6144,8,gpu,c_nccl_ag,0.02867,200
comm,1,6144,8,gpu,c_nccl_ar,0.04198,200
comm,1,6144,8,gpu,c_nccl_rs,0.03174,200
comm,1,6144,8,gpu,ce_copy1,0.01062,200
comm,1,6144,8,gpu,ce_copy7,0.03901,200
comm,1,6144,8,steady,c_flux_ag,0.09201,100
comm,1,6144,8,steady,c_nccl_ag,0.02970,100
comm,1,6144,8,steady,c_nccl_ar,0.03395,100
comm,1,6144,8,steady,c_nccl_rs,0.03213,100
comm,1,6144,8,steady,ce_copy1,0.01094,100
comm,1,6144,8,steady,ce_copy7,0.07490,100
comm,2,6144,16,gpu,c_flux_ag,0.09827,200
comm,2,6144,16,gpu,c_nccl_ag,0.03123,200
comm,2,6144,16,gpu,c_nccl_ar,0.04301,200
comm,2,6144,16,gpu,c_nccl_rs,0.03174,200
comm,2,6144,16,gpu,ce_copy1,0.01062,200
comm,2,6144,16,gpu,ce_copy7,0.03864,200
comm,2,6144,16,steady,c_flux_ag,0.09215,100
comm,2,6144,16,steady,c_nccl_ag,0.03053,100
comm,2,6144,16,steady,c_nccl_ar,0.03402,100
comm,2,6144,16,steady,c_nccl_rs,0.03280,100
comm,2,6144,16,steady,ce_copy1,0.01101,100
comm,2,6144,16,steady,ce_copy7,0.07501,100
comm,4,6144,32,gpu,c_flux_ag,0.09850,200
comm,4,6144,32,gpu,c_nccl_ag,0.03379,200
comm,4,6144,32,gpu,c_nccl_ar,0.04403,200
comm,4,6144,32,gpu,c_nccl_rs,0.03328,200
comm,4,6144,32,gpu,ce_copy1,0.01062,200
comm,4,6144,32,gpu,ce_copy7,0.03982,200
comm,4,6144,32,steady,c_flux_ag,0.09225,100
comm,4,6144,32,steady,c_nccl_ag,0.03133,100
comm,4,6144,32,steady,c_nccl_ar,0.03513,100
comm,4,6144,32,steady,c_nccl_rs,0.03238,100
comm,4,6144,32,steady,ce_copy1,0.01107,100
comm,4,6144,32,steady,ce_copy7,0.07225,100
comm,8,6144,64,gpu,c_flux_ag,0.10048,200
comm,8,6144,64,gpu,c_nccl_ag,0.03994,200
comm,8,6144,64,gpu,c_nccl_ar,0.05018,200
comm,8,6144,64,gpu,c_nccl_rs,0.03994,200
comm,8,6144,64,gpu,ce_copy1,0.01294,200
comm,8,6144,64,gpu,ce_copy7,0.04304,200
comm,8,6144,64,steady,c_flux_ag,0.09348,100
comm,8,6144,64,steady,c_nccl_ag,0.03344,100
comm,8,6144,64,steady,c_nccl_ar,0.03738,100
comm,8,6144,64,steady,c_nccl_rs,0.03370,100
comm,8,6144,64,steady,ce_copy1,0.01085,100
comm,8,6144,64,steady,ce_copy7,0.07484,100
comm,16,6144,128,gpu,c_flux_ag,0.10614,200
comm,16,6144,128,gpu,c_nccl_ag,0.04762,200
comm,16,6144,128,gpu,c_nccl_ar,0.06451,200
comm,16,6144,128,gpu,c_nccl_rs,0.05018,200
comm,16,6144,128,gpu,ce_copy1,0.01360,200
comm,16,6144,128,gpu,ce_copy7,0.04838,200
comm,16,6144,128,steady,c_flux_ag,0.09806,100
comm,16,6144,128,steady,c_nccl_ag,0.03216,100
comm,16,6144,128,steady,c_nccl_ar,0.04397,100
comm,16,6144,128,steady,c_nccl_rs,0.03584,100
comm,16,6144,128,steady,ce_copy1,0.01035,100
comm,16,6144,128,steady,ce_copy7,0.07384,100
comm,32,6144,256,gpu,c_flux_ag,0.11443,200
comm,32,6144,256,gpu,c_nccl_ag,0.06451,200
comm,32,6144,256,gpu,c_nccl_ar,0.09216,200
comm,32,6144,256,gpu,c_nccl_rs,0.06963,200
comm,32,6144,256,gpu,ce_copy1,0.01656,200
comm,32,6144,256,gpu,ce_copy7,0.05888,200
comm,32,6144,256,steady,c_flux_ag,0.10661,100
comm,32,6144,256,steady,c_nccl_ag,0.04672,100
comm,32,6144,256,steady,c_nccl_ar,0.07066,100
comm,32,6144,256,steady,c_nccl_rs,0.04896,100
comm,32,6144,256,steady,ce_copy1,0.00657,100
comm,32,6144,256,steady,ce_copy7,0.04303,100
comm,64,6144,512,gpu,c_flux_ag,0.13212,200
comm,64,6144,512,gpu,c_nccl_ag,0.08397,200
comm,64,6144,512,gpu,c_nccl_ar,0.12083,200
comm,64,6144,512,gpu,c_nccl_rs,0.08806,200
comm,64,6144,512,gpu,ce_copy1,0.02624,200
comm,64,6144,512,gpu,ce_copy7,0.07514,200
comm,64,6144,512,steady,c_flux_ag,0.12039,100
comm,64,6144,512,steady,c_nccl_ag,0.06445,100
comm,64,6144,512,steady,c_nccl_ar,0.10131,100
comm,64,6144,512,steady,c_nccl_rs,0.06717,100
comm,64,6144,512,steady,ce_copy1,0.00781,100
comm,64,6144,512,steady,ce_copy7,0.05271,100
comm,128,6144,1024,gpu,c_flux_ag,0.16768,200
comm,128,6144,1024,gpu,c_nccl_ag,0.11366,200
comm,128,6144,1024,gpu,c_nccl_ar,0.18739,200
comm,128,6144,1024,gpu,c_nccl_rs,0.12288,200
comm,128,6144,1024,gpu,ce_copy1,0.03170,200
comm,128,6144,1024,gpu,ce_copy7,0.10791,200
comm,128,6144,1024,steady,c_flux_ag,0.14455,100
comm,128,6144,1024,steady,c_nccl_ag,0.09546,100
comm,128,6144,1024,steady,c_nccl_ar,0.16634,100
comm,128,6144,1024,steady,c_nccl_rs,0.10189,100
comm,128,6144,1024,steady,ce_copy1,0.01086,100
comm,128,6144,1024,steady,ce_copy7,0.08810,100
comm,256,6144,2048,gpu,c_flux_ag,0.22296,200
comm,256,6144,2048,gpu,c_nccl_ag,0.18022,200
comm,256,6144,2048,gpu,c_nccl_ar,0.28877,200
comm,256,6144,2048,gpu,c_nccl_rs,0.17920,200
comm,256,6144,2048,gpu,ce_copy1,0.03976,200
comm,256,6144,2048,gpu,ce_copy7,0.15632,200
comm,256,6144,2048,steady,c_flux_ag,0.17960,100
comm,256,6144,2048,steady,c_nccl_ag,0.16723,100
comm,256,6144,2048,steady,c_nccl_ar,0.26829,100
comm,256,6144,2048,steady,c_nccl_rs,0.15738,100
comm,256,6144,2048,steady,ce_copy1,0.01676,100
comm,256,6144,2048,steady,ce_copy7,0.15256,100
comm,512,6144,4096,gpu,c_flux_ag,0.30389,200
comm,512,6144,4096,gpu,c_nccl_ag,0.27034,200
comm,512,6144,4096,gpu,c_nccl_ar,0.46951,200
comm,512,6144,4096,gpu,c_nccl_rs,0.26829,200
comm,512,6144,4096,gpu,ce_copy1,0.04951,200
comm,512,6144,4096,gpu,ce_copy7,0.23949,200
comm,512,6144,4096,steady,c_flux_ag,0.26436,100
comm,512,6144,4096,steady,c_nccl_ag,0.26016,100
comm,512,6144,4096,steady,c_nccl_ar,0.45280,100
comm,512,6144,4096,steady,c_nccl_rs,0.25408,100
comm,512,6144,4096,steady,ce_copy1,0.02854,100
comm,512,6144,4096,steady,ce_copy7,0.20294,100
comm,1024,6144,8192,gpu,c_flux_ag,0.46466,200
comm,1024,6144,8192,gpu,c_nccl_ag,0.47923,200
comm,1024,6144,8192,gpu,c_nccl_ar,0.85709,200
comm,1024,6144,8192,gpu,c_nccl_rs,0.46694,200
comm,1024,6144,8192,gpu,ce_copy1,0.07000,200
comm,1024,6144,8192,gpu,ce_copy7,0.39596,200
comm,1024,6144,8192,steady,c_flux_ag,0.44159,100
comm,1024,6144,8192,steady,c_nccl_ag,0.46822,100
comm,1024,6144,8192,steady,c_nccl_ar,0.84109,100
comm,1024,6144,8192,steady,c_nccl_rs,0.45725,100
comm,1024,6144,8192,steady,ce_copy1,0.05214,100
comm,1024,6144,8192,steady,ce_copy7,0.36381,100
comm,2048,6144,16384,gpu,c_flux_ag,0.78831,200
comm,2048,6144,16384,gpu,c_nccl_ag,0.92365,200
comm,2048,6144,16384,gpu,c_nccl_ar,1.64454,200
comm,2048,6144,16384,gpu,c_nccl_rs,0.87705,200
comm,2048,6144,16384,gpu,ce_copy1,0.10669,200
comm,2048,6144,16384,gpu,ce_copy7,0.70096,200
comm,2048,6144,16384,steady,c_flux_ag,0.78889,100
comm,2048,6144,16384,steady,c_nccl_ag,0.90890,100
comm,2048,6144,16384,steady,c_nccl_ar,1.63037,100
comm,2048,6144,16384,steady,c_nccl_rs,0.86538,100
comm,2048,6144,16384,steady,ce_copy1,0.09948,100
comm,2048,6144,16384,steady,ce_copy7,0.70307,100
comm,4096,6144,32768,gpu,c_flux_ag,1.47897,200
comm,4096,6144,32768,gpu,c_nccl_ag,1.73056,200
comm,4096,6144,32768,gpu,c_nccl_ar,3.16211,200
comm,4096,6144,32768,gpu,c_nccl_rs,1.65274,200
comm,4096,6144,32768,gpu,ce_copy1,0.20125,200
comm,4096,6144,32768,gpu,ce_copy7,1.36355,200
comm,4096,6144,32768,steady,c_flux_ag,1.48001,100
comm,4096,6144,32768,steady,c_nccl_ag,1.71773,100
comm,4096,6144,32768,steady,c_nccl_ar,3.15049,100
comm,4096,6144,32768,steady,c_nccl_rs,1.64620,100
comm,4096,6144,32768,steady,ce_copy1,0.19409,100
comm,4096,6144,32768,steady,ce_copy7,1.41643,100
rs,6144,2560,16,gpu,A_gemmrs,0.08499,200
rs,6144,2560,16,gpu,c_cublas,0.03789,200
rs,6144,2560,16,gpu,c_fluxgemm_only,0.05120,200
rs,6144,2560,16,steady,A_gemmrs,0.06586,50
rs,6144,2560,16,steady,c_cublas,0.02554,50
rs,6144,2560,16,steady,c_fluxgemm_only,0.03808,50
rs,6144,2560,128,gpu,A_gemmrs,0.10598,200
rs,6144,2560,128,gpu,c_cublas,0.04198,200
rs,6144,2560,128,gpu,c_fluxgemm_only,0.05120,200
rs,6144,2560,128,steady,A_gemmrs,0.07907,50
rs,6144,2560,128,steady,c_cublas,0.03066,50
rs,6144,2560,128,steady,c_fluxgemm_only,0.04134,50
rs,6144,2560,512,gpu,A_gemmrs,0.14541,200
rs,6144,2560,512,gpu,c_cublas,0.07475,200
rs,6144,2560,512,gpu,c_fluxgemm_only,0.08909,200
rs,6144,2560,512,steady,A_gemmrs,0.12736,50
rs,6144,2560,512,steady,c_cublas,0.07347,50
rs,6144,2560,512,steady,c_fluxgemm_only,0.08794,50
rs,6144,2560,2048,gpu,A_gemmrs,0.34816,200
rs,6144,2560,2048,gpu,c_cublas,0.27238,200
rs,6144,2560,2048,gpu,c_fluxgemm_only,0.29491,200
rs,6144,2560,2048,steady,A_gemmrs,0.34996,50
rs,6144,2560,2048,steady,c_cublas,0.29526,50
rs,6144,2560,2048,steady,c_fluxgemm_only,0.31190,50
rs,6144,2560,8192,gpu,A_gemmrs,1.15558,200
rs,6144,2560,8192,gpu,c_cublas,1.03936,200
rs,6144,2560,8192,gpu,c_fluxgemm_only,1.07725,200
rs,6144,2560,8192,steady,A_gemmrs,1.22339,50
rs,6144,2560,8192,steady,c_cublas,1.13363,50
rs,6144,2560,8192,steady,c_fluxgemm_only,1.17200,50
rs,10240,1280,16,gpu,A_gemmrs,0.07373,119
rs,10240,1280,16,gpu,c_cublas,0.03277,119
rs,10240,1280,16,gpu,c_fluxgemm_only,0.04301,119
rs,10240,1280,16,steady,A_gemmrs,0.06057,50
rs,10240,1280,16,steady,c_cublas,0.02259,50
rs,10240,1280,16,steady,c_fluxgemm_only,0.03357,50
rs,10240,1280,128,gpu,A_gemmrs,0.10240,200
rs,10240,1280,128,gpu,c_cublas,0.03686,200
rs,10240,1280,128,gpu,c_fluxgemm_only,0.04506,200
rs,10240,1280,128,steady,A_gemmrs,0.07623,50
rs,10240,1280,128,steady,c_cublas,0.02790,50
rs,10240,1280,128,steady,c_fluxgemm_only,0.03629,50
rs,10240,1280,512,gpu,A_gemmrs,0.15053,200
rs,10240,1280,512,gpu,c_cublas,0.08397,200
rs,10240,1280,512,gpu,c_fluxgemm_only,0.07373,200
rs,10240,1280,512,steady,A_gemmrs,0.13165,50
rs,10240,1280,512,steady,c_cublas,0.07571,50
rs,10240,1280,512,steady,c_fluxgemm_only,0.07203,50
rs,10240,1280,2048,gpu,A_gemmrs,0.33177,200
rs,10240,1280,2048,gpu,c_cublas,0.22426,200
rs,10240,1280,2048,gpu,c_fluxgemm_only,0.24064,200
rs,10240,1280,2048,steady,A_gemmrs,0.33754,43
rs,10240,1280,2048,steady,c_cublas,0.23974,43
rs,10240,1280,2048,steady,c_fluxgemm_only,0.25843,43
rs,10240,1280,8192,gpu,A_gemmrs,1.11411,200
rs,10240,1280,8192,gpu,c_cublas,0.88269,200
rs,10240,1280,8192,gpu,c_fluxgemm_only,0.92774,200
rs,10240,1280,8192,steady,A_gemmrs,1.18608,50
rs,10240,1280,8192,steady,c_cublas,0.96496,50
rs,10240,1280,8192,steady,c_fluxgemm_only,1.01379,50
