layer,N,K,M,mode,item,n_kept,median_ms,p10_ms,p90_ms,cpu_launch_med_ms
G-FC1,49152,12288,8,gpu,A_fused,322,0.2335,0.2273,0.2437,0.0893
G-FC1,49152,12288,8,gpu,B_nccl_cublas,322,0.1403,0.1341,0.1464,0.0862
G-FC1,49152,12288,8,gpu,C_fluxag_cublas,322,0.2130,0.2089,0.2243,0.1064
G-FC1,49152,12288,8,gpu,D_fluxag_fluxgemm,322,0.2478,0.2437,0.2591,0.1049
G-FC1,49152,12288,8,gpu,c_cublas,322,0.1126,0.1126,0.1147,0.0393
G-FC1,49152,12288,8,gpu,c_flux_ag,322,0.0997,0.0935,0.1085,0.0693
G-FC1,49152,12288,8,gpu,c_fluxgemm,322,0.1495,0.1475,0.1505,0.0388
G-FC1,49152,12288,8,gpu,c_nccl_ag,322,0.0328,0.0266,0.0379,0.0473
G-FC1,49152,12288,1024,gpu,A_fused,350,1.1274,1.0773,1.1366,0.0884
G-FC1,49152,12288,1024,gpu,B_nccl_cublas,350,0.7772,0.7690,0.7977,0.0809
G-FC1,49152,12288,1024,gpu,C_fluxag_cublas,350,0.8259,0.7967,0.8724,0.1027
G-FC1,49152,12288,1024,gpu,D_fluxag_fluxgemm,350,1.1633,1.1366,1.2124,0.1028
G-FC1,49152,12288,1024,gpu,c_cublas,350,0.5970,0.5960,0.5980,0.0356
G-FC1,49152,12288,1024,gpu,c_flux_ag,350,0.2253,0.1992,0.2748,0.0684
G-FC1,49152,12288,1024,gpu,c_fluxgemm,350,0.9452,0.9390,0.9544,0.0374
G-FC1,49152,12288,1024,gpu,c_nccl_ag,350,0.1864,0.1761,0.2069,0.0465
G-FC1,49152,12288,1032,gpu,A_fused,350,0.8909,0.8683,0.9318,0.0884
G-FC1,49152,12288,1032,gpu,B_nccl_cublas,350,0.7936,0.7844,0.8253,0.0817
G-FC1,49152,12288,1032,gpu,C_fluxag_cublas,350,0.8233,0.7997,0.8714,0.1048
G-FC1,49152,12288,1032,gpu,D_fluxag_fluxgemm,350,0.8694,0.8427,0.9134,0.1042
G-FC1,49152,12288,1032,gpu,c_cublas,350,0.5990,0.5990,0.6001,0.0364
G-FC1,49152,12288,1032,gpu,c_flux_ag,350,0.2291,0.1999,0.2754,0.0698
G-FC1,49152,12288,1032,gpu,c_fluxgemm,350,0.6451,0.6441,0.6461,0.0374
G-FC1,49152,12288,1032,gpu,c_nccl_ag,350,0.1987,0.1894,0.2283,0.0461
G-FC1,49152,12288,2048,gpu,A_fused,350,1.4520,1.4449,1.4592,0.0890
G-FC1,49152,12288,2048,gpu,B_nccl_cublas,350,1.4991,1.4869,1.5237,0.0823
G-FC1,49152,12288,2048,gpu,C_fluxag_cublas,350,1.5370,1.5073,1.5821,0.1040
G-FC1,49152,12288,2048,gpu,D_fluxag_fluxgemm,350,1.7009,1.6753,1.7572,0.1041
G-FC1,49152,12288,2048,gpu,c_cublas,350,1.2288,1.2186,1.2319,0.0365
G-FC1,49152,12288,2048,gpu,c_flux_ag,350,0.3138,0.2872,0.3613,0.0697
G-FC1,49152,12288,2048,gpu,c_fluxgemm,350,1.4070,1.4008,1.4152,0.0374
G-FC1,49152,12288,2048,gpu,c_nccl_ag,350,0.2785,0.2714,0.2990,0.0468
G-FC1,49152,12288,3072,gpu,A_fused,350,2.7331,2.6962,2.7720,0.0904
G-FC1,49152,12288,3072,gpu,B_nccl_cublas,350,2.2569,2.2354,2.2815,0.0848
G-FC1,49152,12288,3072,gpu,C_fluxag_cublas,350,2.2692,2.2415,2.3183,0.1055
G-FC1,49152,12288,3072,gpu,D_fluxag_fluxgemm,350,2.1995,2.1699,2.2497,0.1058
G-FC1,49152,12288,3072,gpu,c_cublas,350,1.8790,1.8586,1.9005,0.0371
G-FC1,49152,12288,3072,gpu,c_flux_ag,350,0.4009,0.3762,0.4536,0.0705
G-FC1,49152,12288,3072,gpu,c_fluxgemm,350,1.8053,1.7981,1.8145,0.0385
G-FC1,49152,12288,3072,gpu,c_nccl_ag,350,0.3861,0.3789,0.4055,0.0484
G-FC1,49152,12288,8,steady,A_fused,350,0.2207,0.2185,0.2231,0.0651
G-FC1,49152,12288,8,steady,B_nccl_cublas,350,0.1270,0.1260,0.1300,0.0584
G-FC1,49152,12288,8,steady,C_fluxag_cublas,350,0.1941,0.1919,0.1965,0.0800
G-FC1,49152,12288,8,steady,D_fluxag_fluxgemm,350,0.2358,0.2337,0.2383,0.0810
G-FC1,49152,12288,8,steady,c_cublas,350,0.1005,0.1003,0.1023,0.0161
G-FC1,49152,12288,8,steady,c_flux_ag,350,0.0933,0.0909,0.0951,0.0568
G-FC1,49152,12288,8,steady,c_fluxgemm,350,0.1390,0.1387,0.1400,0.0193
G-FC1,49152,12288,8,steady,c_nccl_ag,350,0.0216,0.0211,0.0327,0.0317
G-FC1,49152,12288,1024,steady,A_fused,337,1.1226,1.1055,1.1376,0.0648
G-FC1,49152,12288,1024,steady,B_nccl_cublas,337,0.8396,0.8207,0.8585,0.0590
G-FC1,49152,12288,1024,steady,C_fluxag_cublas,337,0.8577,0.8424,0.8735,0.0775
G-FC1,49152,12288,1024,steady,D_fluxag_fluxgemm,337,1.2277,1.2044,1.2554,0.0804
G-FC1,49152,12288,1024,steady,c_cublas,337,0.6474,0.6354,0.6637,0.0137
G-FC1,49152,12288,1024,steady,c_flux_ag,337,0.2004,0.1874,0.2130,0.0569
G-FC1,49152,12288,1024,steady,c_fluxgemm,337,1.0028,0.9850,1.0250,0.0183
G-FC1,49152,12288,1024,steady,c_nccl_ag,337,0.1883,0.1788,0.1981,0.0348
G-FC1,49152,12288,1032,steady,A_fused,349,0.9115,0.8979,0.9263,0.0650
G-FC1,49152,12288,1032,steady,B_nccl_cublas,349,0.8617,0.8440,0.8802,0.0592
G-FC1,49152,12288,1032,steady,C_fluxag_cublas,349,0.8670,0.8509,0.8823,0.0785
G-FC1,49152,12288,1032,steady,D_fluxag_fluxgemm,349,0.9029,0.8883,0.9199,0.0807
G-FC1,49152,12288,1032,steady,c_cublas,349,0.6544,0.6394,0.6696,0.0138
G-FC1,49152,12288,1032,steady,c_flux_ag,349,0.2017,0.1919,0.2123,0.0576
G-FC1,49152,12288,1032,steady,c_fluxgemm,349,0.6879,0.6773,0.7041,0.0182
G-FC1,49152,12288,1032,steady,c_nccl_ag,349,0.2036,0.1951,0.2141,0.0350
G-FC1,49152,12288,2048,steady,A_fused,171,1.5402,1.4988,1.5919,0.0655
G-FC1,49152,12288,2048,steady,B_nccl_cublas,171,1.6357,1.5679,1.6872,0.0602
G-FC1,49152,12288,2048,steady,C_fluxag_cublas,171,1.6426,1.5863,1.6821,0.0788
G-FC1,49152,12288,2048,steady,D_fluxag_fluxgemm,171,1.8155,1.7497,1.8625,0.0812
G-FC1,49152,12288,2048,steady,c_cublas,171,1.3410,1.2859,1.3925,0.0143
G-FC1,49152,12288,2048,steady,c_flux_ag,171,0.2828,0.2754,0.2973,0.0578
G-FC1,49152,12288,2048,steady,c_fluxgemm,171,1.5008,1.4481,1.5519,0.0184
G-FC1,49152,12288,2048,steady,c_nccl_ag,171,0.2890,0.2804,0.2977,0.0355
G-FC1,49152,12288,3072,steady,A_fused,338,2.7803,2.7536,2.8217,0.0663
G-FC1,49152,12288,3072,steady,B_nccl_cublas,338,2.3949,2.3075,2.4731,0.0610
G-FC1,49152,12288,3072,steady,C_fluxag_cublas,338,2.3865,2.3123,2.4598,0.0796
G-FC1,49152,12288,3072,steady,D_fluxag_fluxgemm,338,2.2855,2.2456,2.3730,0.0818
G-FC1,49152,12288,3072,steady,c_cublas,338,2.0051,1.9173,2.0756,0.0146
G-FC1,49152,12288,3072,steady,c_flux_ag,338,0.3719,0.3623,0.3860,0.0578
G-FC1,49152,12288,3072,steady,c_fluxgemm,338,1.9082,1.8529,1.9771,0.0191
G-FC1,49152,12288,3072,steady,c_nccl_ag,338,0.3933,0.3818,0.4052,0.0360
G-QKV,36864,12288,8,gpu,A_fused,298,0.2007,0.1946,0.2120,0.0898
G-QKV,36864,12288,8,gpu,B_nccl_cublas,298,0.1157,0.1116,0.1229,0.0815
G-QKV,36864,12288,8,gpu,C_fluxag_cublas,298,0.1884,0.1843,0.1987,0.1028
G-QKV,36864,12288,8,gpu,D_fluxag_fluxgemm,298,0.2145,0.2099,0.2253,0.1054
G-QKV,36864,12288,8,gpu,c_cublas,298,0.0891,0.0891,0.0911,0.0351
G-QKV,36864,12288,8,gpu,c_flux_ag,298,0.1006,0.0941,0.1094,0.0700
G-QKV,36864,12288,8,gpu,c_fluxgemm,298,0.1157,0.1147,0.1178,0.0393
G-QKV,36864,12288,8,gpu,c_nccl_ag,298,0.0307,0.0256,0.0379,0.0469
G-QKV,36864,12288,1024,gpu,A_fused,350,0.7403,0.7209,0.7905,0.0874
G-QKV,36864,12288,1024,gpu,B_nccl_cublas,350,0.6144,0.6062,0.6472,0.0846
G-QKV,36864,12288,1024,gpu,C_fluxag_cublas,350,0.6579,0.6328,0.7086,0.1058
G-QKV,36864,12288,1024,gpu,D_fluxag_fluxgemm,350,0.7014,0.6748,0.7506,0.1034
G-QKV,36864,12288,1024,gpu,c_cublas,350,0.4352,0.4342,0.4362,0.0391
G-QKV,36864,12288,1024,gpu,c_flux_ag,350,0.2251,0.1970,0.2733,0.0695
G-QKV,36864,12288,1024,gpu,c_fluxgemm,350,0.4813,0.4792,0.4823,0.0369
G-QKV,36864,12288,1024,gpu,c_nccl_ag,350,0.1848,0.1761,0.2007,0.0466
G-QKV,36864,12288,1032,gpu,A_fused,350,0.7311,0.7107,0.7649,0.0865
G-QKV,36864,12288,1032,gpu,B_nccl_cublas,350,0.6646,0.6574,0.6922,0.0842
G-QKV,36864,12288,1032,gpu,C_fluxag_cublas,350,0.6973,0.6697,0.7485,0.1056
G-QKV,36864,12288,1032,gpu,D_fluxag_fluxgemm,350,0.7127,0.6851,0.7547,0.1020
G-QKV,36864,12288,1032,gpu,c_cublas,350,0.4721,0.4710,0.4731,0.0387
G-QKV,36864,12288,1032,gpu,c_flux_ag,350,0.2256,0.1984,0.2792,0.0694
G-QKV,36864,12288,1032,gpu,c_fluxgemm,350,0.4884,0.4874,0.4895,0.0359
G-QKV,36864,12288,1032,gpu,c_nccl_ag,350,0.1961,0.1894,0.2171,0.0456
G-QKV,36864,12288,2048,gpu,A_fused,350,1.2984,1.2779,1.3189,0.0868
G-QKV,36864,12288,2048,gpu,B_nccl_cublas,350,1.1745,1.1674,1.1940,0.0799
G-QKV,36864,12288,2048,gpu,C_fluxag_cublas,350,1.2124,1.1878,1.2534,0.1020
G-QKV,36864,12288,2048,gpu,D_fluxag_fluxgemm,350,1.1873,1.1612,1.2319,0.1018
G-QKV,36864,12288,2048,gpu,c_cublas,350,0.9073,0.9042,0.9083,0.0352
G-QKV,36864,12288,2048,gpu,c_flux_ag,350,0.3103,0.2859,0.3524,0.0694
G-QKV,36864,12288,2048,gpu,c_fluxgemm,350,0.8837,0.8817,0.8847,0.0367
G-QKV,36864,12288,2048,gpu,c_nccl_ag,350,0.2744,0.2662,0.2939,0.0455
G-QKV,36864,12288,3072,gpu,A_fused,350,1.5125,1.4909,1.5319,0.0870
G-QKV,36864,12288,3072,gpu,B_nccl_cublas,350,1.6220,1.6107,1.6425,0.0802
G-QKV,36864,12288,3072,gpu,C_fluxag_cublas,350,1.6353,1.6107,1.6824,0.1027
G-QKV,36864,12288,3072,gpu,D_fluxag_fluxgemm,350,1.7142,1.6886,1.7562,0.1029
G-QKV,36864,12288,3072,gpu,c_cublas,350,1.2452,1.2360,1.2585,0.0353
G-QKV,36864,12288,3072,gpu,c_flux_ag,350,0.3971,0.3731,0.4443,0.0691
G-QKV,36864,12288,3072,gpu,c_fluxgemm,350,1.3230,1.3179,1.3292,0.0366
G-QKV,36864,12288,3072,gpu,c_nccl_ag,350,0.3850,0.3768,0.4045,0.0456
G-QKV,36864,12288,8,steady,A_fused,350,0.1858,0.1841,0.1884,0.0656
G-QKV,36864,12288,8,steady,B_nccl_cublas,350,0.1010,0.1000,0.1043,0.0552
G-QKV,36864,12288,8,steady,C_fluxag_cublas,350,0.1702,0.1679,0.1722,0.0772
G-QKV,36864,12288,8,steady,D_fluxag_fluxgemm,350,0.2009,0.1988,0.2029,0.0820
G-QKV,36864,12288,8,steady,c_cublas,350,0.0731,0.0730,0.0746,0.0131
G-QKV,36864,12288,8,steady,c_flux_ag,350,0.0935,0.0916,0.0954,0.0579
G-QKV,36864,12288,8,steady,c_fluxgemm,350,0.1045,0.1041,0.1058,0.0200
G-QKV,36864,12288,8,steady,c_nccl_ag,350,0.0217,0.0211,0.0328,0.0322
G-QKV,36864,12288,1024,steady,A_fused,330,0.7441,0.7353,0.7528,0.0642
G-QKV,36864,12288,1024,steady,B_nccl_cublas,330,0.6558,0.6431,0.6680,0.0631
G-QKV,36864,12288,1024,steady,C_fluxag_cublas,330,0.6718,0.6613,0.6849,0.0807
G-QKV,36864,12288,1024,steady,D_fluxag_fluxgemm,330,0.7026,0.6915,0.7152,0.0806
G-QKV,36864,12288,1024,steady,c_cublas,330,0.4637,0.4559,0.4738,0.0164
G-QKV,36864,12288,1024,steady,c_flux_ag,330,0.1963,0.1872,0.2099,0.0581
G-QKV,36864,12288,1024,steady,c_fluxgemm,330,0.4914,0.4853,0.5002,0.0186
G-QKV,36864,12288,1024,steady,c_nccl_ag,330,0.1818,0.1774,0.1944,0.0345
G-QKV,36864,12288,1032,steady,A_fused,336,0.7311,0.7197,0.7420,0.0641
G-QKV,36864,12288,1032,steady,B_nccl_cublas,336,0.7065,0.6945,0.7206,0.0628
G-QKV,36864,12288,1032,steady,C_fluxag_cublas,336,0.7139,0.7020,0.7265,0.0808
G-QKV,36864,12288,1032,steady,D_fluxag_fluxgemm,336,0.7202,0.7085,0.7335,0.0803
G-QKV,36864,12288,1032,steady,c_cublas,336,0.5051,0.4951,0.5155,0.0164
G-QKV,36864,12288,1032,steady,c_flux_ag,336,0.1988,0.1880,0.2115,0.0580
G-QKV,36864,12288,1032,steady,c_fluxgemm,336,0.5081,0.5002,0.5197,0.0182
G-QKV,36864,12288,1032,steady,c_nccl_ag,336,0.1983,0.1924,0.2100,0.0343
G-QKV,36864,12288,2048,steady,A_fused,265,1.3220,1.3089,1.3373,0.0647
G-QKV,36864,12288,2048,steady,B_nccl_cublas,265,1.2671,1.2345,1.3014,0.0587
G-QKV,36864,12288,2048,steady,C_fluxag_cublas,265,1.2833,1.2534,1.3066,0.0777
G-QKV,36864,12288,2048,steady,D_fluxag_fluxgemm,265,1.2271,1.2011,1.2573,0.0807
G-QKV,36864,12288,2048,steady,c_cublas,265,0.9797,0.9525,1.0067,0.0140
G-QKV,36864,12288,2048,steady,c_flux_ag,265,0.2789,0.2723,0.2966,0.0582
G-QKV,36864,12288,2048,steady,c_fluxgemm,265,0.9233,0.9047,0.9499,0.0187
G-QKV,36864,12288,2048,steady,c_nccl_ag,265,0.2820,0.2750,0.2906,0.0344
G-QKV,36864,12288,3072,steady,A_fused,273,1.5862,1.5528,1.6240,0.0645
G-QKV,36864,12288,3072,steady,B_nccl_cublas,273,1.7462,1.6941,1.8068,0.0587
G-QKV,36864,12288,3072,steady,C_fluxag_cublas,273,1.7449,1.6984,1.7991,0.0782
G-QKV,36864,12288,3072,steady,D_fluxag_fluxgemm,273,1.8078,1.7583,1.8586,0.0804
G-QKV,36864,12288,3072,steady,c_cublas,273,1.3460,1.3041,1.3998,0.0140
G-QKV,36864,12288,3072,steady,c_flux_ag,273,0.3720,0.3633,0.3868,0.0581
G-QKV,36864,12288,3072,steady,c_fluxgemm,273,1.4117,1.3675,1.4602,0.0186
G-QKV,36864,12288,3072,steady,c_nccl_ag,273,0.3965,0.3860,0.4054,0.0346
L-GU,57344,8192,8,gpu,A_fused,350,0.2109,0.2048,0.2191,0.0890
L-GU,57344,8192,8,gpu,B_nccl_cublas,350,0.1260,0.1198,0.1311,0.0846
L-GU,57344,8192,8,gpu,C_fluxag_cublas,350,0.1997,0.1935,0.2069,0.1050
L-GU,57344,8192,8,gpu,D_fluxag_fluxgemm,350,0.2243,0.2191,0.2324,0.1046
L-GU,57344,8192,8,gpu,c_cublas,350,0.0983,0.0973,0.0993,0.0391
L-GU,57344,8192,8,gpu,c_flux_ag,350,0.1003,0.0950,0.1072,0.0691
L-GU,57344,8192,8,gpu,c_fluxgemm,350,0.1249,0.1239,0.1260,0.0380
L-GU,57344,8192,8,gpu,c_nccl_ag,350,0.0328,0.0256,0.0369,0.0460
L-GU,57344,8192,1024,gpu,A_fused,350,0.6728,0.6533,0.7025,0.0878
L-GU,57344,8192,1024,gpu,B_nccl_cublas,350,0.6851,0.6748,0.7158,0.0855
L-GU,57344,8192,1024,gpu,C_fluxag_cublas,350,0.7270,0.7035,0.7608,0.1062
L-GU,57344,8192,1024,gpu,D_fluxag_fluxgemm,350,0.6769,0.6574,0.7137,0.1032
L-GU,57344,8192,1024,gpu,c_cublas,350,0.5325,0.5315,0.5335,0.0396
L-GU,57344,8192,1024,gpu,c_flux_ag,350,0.1935,0.1705,0.2267,0.0690
L-GU,57344,8192,1024,gpu,c_fluxgemm,350,0.4946,0.4915,0.4977,0.0370
L-GU,57344,8192,1024,gpu,c_nccl_ag,350,0.1557,0.1464,0.1853,0.0466
L-GU,57344,8192,1032,gpu,A_fused,350,0.7403,0.7158,0.7762,0.0868
L-GU,57344,8192,1032,gpu,B_nccl_cublas,350,0.6871,0.6769,0.7199,0.0852
L-GU,57344,8192,1032,gpu,C_fluxag_cublas,350,0.7301,0.7045,0.7660,0.1050
L-GU,57344,8192,1032,gpu,D_fluxag_fluxgemm,350,0.7465,0.7219,0.7782,0.1023
L-GU,57344,8192,1032,gpu,c_cublas,350,0.5345,0.5335,0.5355,0.0391
L-GU,57344,8192,1032,gpu,c_flux_ag,350,0.1970,0.1702,0.2286,0.0689
L-GU,57344,8192,1032,gpu,c_fluxgemm,350,0.5550,0.5530,0.5571,0.0364
L-GU,57344,8192,1032,gpu,c_nccl_ag,350,0.1557,0.1475,0.1792,0.0461
L-GU,57344,8192,2048,gpu,A_fused,350,1.2237,1.2042,1.2524,0.0883
L-GU,57344,8192,2048,gpu,B_nccl_cublas,350,1.2319,1.2237,1.2657,0.0803
L-GU,57344,8192,2048,gpu,C_fluxag_cublas,350,1.2626,1.2370,1.3117,0.1027
L-GU,57344,8192,2048,gpu,D_fluxag_fluxgemm,350,1.2175,1.1889,1.2657,0.1030
L-GU,57344,8192,2048,gpu,c_cublas,350,1.0127,1.0107,1.0148,0.0352
L-GU,57344,8192,2048,gpu,c_flux_ag,350,0.2609,0.2316,0.3206,0.0705
L-GU,57344,8192,2048,gpu,c_fluxgemm,350,0.9615,0.9585,0.9656,0.0370
L-GU,57344,8192,2048,gpu,c_nccl_ag,350,0.2263,0.2191,0.2570,0.0469
L-GU,57344,8192,3072,gpu,A_fused,350,1.6015,1.5790,1.6138,0.0888
L-GU,57344,8192,3072,gpu,B_nccl_cublas,350,1.7306,1.7162,1.7521,0.0815
L-GU,57344,8192,3072,gpu,C_fluxag_cublas,350,1.7628,1.7336,1.8084,0.1030
L-GU,57344,8192,3072,gpu,D_fluxag_fluxgemm,350,1.7638,1.7306,1.8125,0.1042
L-GU,57344,8192,3072,gpu,c_cublas,350,1.4602,1.4449,1.4623,0.0353
L-GU,57344,8192,3072,gpu,c_flux_ag,350,0.3177,0.2908,0.3691,0.0701
L-GU,57344,8192,3072,gpu,c_fluxgemm,350,1.4505,1.4438,1.4582,0.0373
L-GU,57344,8192,3072,gpu,c_nccl_ag,350,0.2806,0.2724,0.3072,0.0473
L-GU,57344,8192,8,steady,A_fused,350,0.1958,0.1943,0.1980,0.0653
L-GU,57344,8192,8,steady,B_nccl_cublas,350,0.1094,0.1084,0.1119,0.0596
L-GU,57344,8192,8,steady,C_fluxag_cublas,350,0.1783,0.1763,0.1802,0.0795
L-GU,57344,8192,8,steady,D_fluxag_fluxgemm,350,0.2111,0.2093,0.2129,0.0818
L-GU,57344,8192,8,steady,c_cublas,350,0.0820,0.0818,0.0835,0.0158
L-GU,57344,8192,8,steady,c_flux_ag,350,0.0935,0.0914,0.0949,0.0570
L-GU,57344,8192,8,steady,c_fluxgemm,350,0.1142,0.1139,0.1155,0.0192
L-GU,57344,8192,8,steady,c_nccl_ag,350,0.0216,0.0209,0.0328,0.0324
L-GU,57344,8192,1024,steady,A_fused,350,0.6716,0.6643,0.6801,0.0642
L-GU,57344,8192,1024,steady,B_nccl_cublas,350,0.7155,0.7055,0.7270,0.0640
L-GU,57344,8192,1024,steady,C_fluxag_cublas,350,0.7360,0.7254,0.7468,0.0799
L-GU,57344,8192,1024,steady,D_fluxag_fluxgemm,350,0.6825,0.6735,0.6945,0.0803
L-GU,57344,8192,1024,steady,c_cublas,350,0.5599,0.5511,0.5703,0.0164
L-GU,57344,8192,1024,steady,c_flux_ag,350,0.1706,0.1565,0.1813,0.0571
L-GU,57344,8192,1024,steady,c_fluxgemm,350,0.5037,0.4975,0.5131,0.0182
L-GU,57344,8192,1024,steady,c_nccl_ag,350,0.1508,0.1429,0.1626,0.0352
L-GU,57344,8192,1032,steady,A_fused,350,0.7428,0.7326,0.7530,0.0649
L-GU,57344,8192,1032,steady,B_nccl_cublas,350,0.7302,0.7187,0.7441,0.0646
L-GU,57344,8192,1032,steady,C_fluxag_cublas,350,0.7506,0.7393,0.7625,0.0811
L-GU,57344,8192,1032,steady,D_fluxag_fluxgemm,350,0.7573,0.7475,0.7683,0.0811
L-GU,57344,8192,1032,steady,c_cublas,350,0.5728,0.5628,0.5844,0.0166
L-GU,57344,8192,1032,steady,c_flux_ag,350,0.1761,0.1679,0.1838,0.0578
L-GU,57344,8192,1032,steady,c_fluxgemm,350,0.5762,0.5694,0.5867,0.0182
L-GU,57344,8192,1032,steady,c_nccl_ag,350,0.1597,0.1471,0.1661,0.0354
L-GU,57344,8192,2048,steady,A_fused,299,1.2596,1.2450,1.2808,0.0671
L-GU,57344,8192,2048,steady,B_nccl_cublas,299,1.3286,1.2954,1.3647,0.0602
L-GU,57344,8192,2048,steady,C_fluxag_cublas,299,1.3430,1.3079,1.3747,0.0793
L-GU,57344,8192,2048,steady,D_fluxag_fluxgemm,299,1.2703,1.2387,1.2977,0.0827
L-GU,57344,8192,2048,steady,c_cublas,299,1.0977,1.0669,1.1305,0.0140
L-GU,57344,8192,2048,steady,c_flux_ag,299,0.2272,0.2159,0.2410,0.0588
L-GU,57344,8192,2048,steady,c_fluxgemm,299,1.0164,0.9940,1.0485,0.0185
L-GU,57344,8192,2048,steady,c_nccl_ag,299,0.2244,0.2187,0.2354,0.0360
L-GU,57344,8192,3072,steady,A_fused,318,1.6743,1.6449,1.7130,0.0672
L-GU,57344,8192,3072,steady,B_nccl_cublas,318,1.8555,1.8067,1.9173,0.0610
L-GU,57344,8192,3072,steady,C_fluxag_cublas,318,1.8706,1.8234,1.9226,0.0797
L-GU,57344,8192,3072,steady,D_fluxag_fluxgemm,318,1.8528,1.8061,1.9056,0.0828
L-GU,57344,8192,3072,steady,c_cublas,318,1.5627,1.5184,1.6188,0.0143
L-GU,57344,8192,3072,steady,c_flux_ag,318,0.2832,0.2749,0.2975,0.0589
L-GU,57344,8192,3072,steady,c_fluxgemm,318,1.5432,1.5000,1.5990,0.0188
L-GU,57344,8192,3072,steady,c_nccl_ag,318,0.2877,0.2785,0.2970,0.0363
L-QKV,10240,8192,8,gpu,A_fused,301,0.1597,0.1536,0.1669,0.0927
L-QKV,10240,8192,8,gpu,B_nccl_cublas,301,0.0563,0.0522,0.0635,0.0842
L-QKV,10240,8192,8,gpu,C_fluxag_cublas,301,0.1311,0.1270,0.1403,0.1072
L-QKV,10240,8192,8,gpu,D_fluxag_fluxgemm,301,0.1741,0.1690,0.1802,0.1077
L-QKV,10240,8192,8,gpu,c_cublas,301,0.0307,0.0307,0.0317,0.0385
L-QKV,10240,8192,8,gpu,c_flux_ag,301,0.0996,0.0951,0.1076,0.0707
L-QKV,10240,8192,8,gpu,c_fluxgemm,301,0.0737,0.0727,0.0758,0.0403
L-QKV,10240,8192,8,gpu,c_nccl_ag,301,0.0317,0.0266,0.0369,0.0483
L-QKV,10240,8192,1024,gpu,A_fused,350,0.2918,0.2734,0.3226,0.0902
L-QKV,10240,8192,1024,gpu,B_nccl_cublas,350,0.2611,0.2519,0.2826,0.0804
L-QKV,10240,8192,1024,gpu,C_fluxag_cublas,350,0.3026,0.2816,0.3359,0.1039
L-QKV,10240,8192,1024,gpu,D_fluxag_fluxgemm,350,0.3000,0.2806,0.3389,0.1056
L-QKV,10240,8192,1024,gpu,c_cublas,350,0.1106,0.1096,0.1116,0.0349
L-QKV,10240,8192,1024,gpu,c_flux_ag,350,0.1902,0.1720,0.2234,0.0701
L-QKV,10240,8192,1024,gpu,c_fluxgemm,350,0.1106,0.1096,0.1116,0.0386
L-QKV,10240,8192,1024,gpu,c_nccl_ag,350,0.1546,0.1454,0.1741,0.0465
L-QKV,10240,8192,1032,gpu,A_fused,350,0.3011,0.2816,0.3318,0.0897
L-QKV,10240,8192,1032,gpu,B_nccl_cublas,350,0.2693,0.2601,0.2857,0.0844
L-QKV,10240,8192,1032,gpu,C_fluxag_cublas,350,0.3154,0.2908,0.3430,0.1071
L-QKV,10240,8192,1032,gpu,D_fluxag_fluxgemm,350,0.3103,0.2867,0.3410,0.1056
L-QKV,10240,8192,1032,gpu,c_cublas,350,0.1188,0.1178,0.1198,0.0383
L-QKV,10240,8192,1032,gpu,c_flux_ag,350,0.1903,0.1682,0.2238,0.0711
L-QKV,10240,8192,1032,gpu,c_fluxgemm,350,0.1208,0.1198,0.1219,0.0378
L-QKV,10240,8192,1032,gpu,c_nccl_ag,350,0.1546,0.1454,0.1700,0.0468
L-QKV,10240,8192,2048,gpu,A_fused,350,0.4321,0.4127,0.4813,0.0890
L-QKV,10240,8192,2048,gpu,B_nccl_cublas,350,0.4373,0.4311,0.4516,0.0844
L-QKV,10240,8192,2048,gpu,C_fluxag_cublas,350,0.4751,0.4465,0.5284,0.1065
L-QKV,10240,8192,2048,gpu,D_fluxag_fluxgemm,350,0.4485,0.4250,0.5069,0.1040
L-QKV,10240,8192,2048,gpu,c_cublas,350,0.2181,0.2181,0.2191,0.0387
L-QKV,10240,8192,2048,gpu,c_flux_ag,350,0.2515,0.2277,0.3074,0.0704
L-QKV,10240,8192,2048,gpu,c_fluxgemm,350,0.2007,0.1997,0.2017,0.0371
L-QKV,10240,8192,2048,gpu,c_nccl_ag,350,0.2232,0.2161,0.2355,0.0466
L-QKV,10240,8192,3072,gpu,A_fused,350,0.4393,0.4260,0.4710,0.0894
L-QKV,10240,8192,3072,gpu,B_nccl_cublas,350,0.5888,0.5837,0.6001,0.0850
L-QKV,10240,8192,3072,gpu,C_fluxag_cublas,350,0.6318,0.6103,0.6748,0.1070
L-QKV,10240,8192,3072,gpu,D_fluxag_fluxgemm,350,0.5847,0.5612,0.6246,0.1045
L-QKV,10240,8192,3072,gpu,c_cublas,350,0.3236,0.3226,0.3246,0.0388
L-QKV,10240,8192,3072,gpu,c_flux_ag,350,0.3055,0.2834,0.3517,0.0706
L-QKV,10240,8192,3072,gpu,c_fluxgemm,350,0.2826,0.2816,0.2847,0.0374
L-QKV,10240,8192,3072,gpu,c_nccl_ag,350,0.2703,0.2652,0.2816,0.0464
L-QKV,10240,8192,8,steady,A_fused,350,0.1444,0.1432,0.1462,0.0688
L-QKV,10240,8192,8,steady,B_nccl_cublas,350,0.0468,0.0461,0.0598,0.0585
L-QKV,10240,8192,8,steady,C_fluxag_cublas,350,0.1159,0.1142,0.1175,0.0821
L-QKV,10240,8192,8,steady,D_fluxag_fluxgemm,350,0.1590,0.1571,0.1607,0.0844
L-QKV,10240,8192,8,steady,c_cublas,350,0.0223,0.0221,0.0237,0.0160
L-QKV,10240,8192,8,steady,c_flux_ag,350,0.0930,0.0908,0.0946,0.0592
L-QKV,10240,8192,8,steady,c_fluxgemm,350,0.0649,0.0646,0.0661,0.0207
L-QKV,10240,8192,8,steady,c_nccl_ag,350,0.0215,0.0209,0.0353,0.0318
L-QKV,10240,8192,1024,steady,A_fused,350,0.2682,0.2572,0.2783,0.0669
L-QKV,10240,8192,1024,steady,B_nccl_cublas,350,0.2547,0.2478,0.2640,0.0583
L-QKV,10240,8192,1024,steady,C_fluxag_cublas,350,0.2781,0.2676,0.2890,0.0782
L-QKV,10240,8192,1024,steady,D_fluxag_fluxgemm,350,0.2763,0.2661,0.2882,0.0824
L-QKV,10240,8192,1024,steady,c_cublas,350,0.1059,0.1058,0.1075,0.0131
L-QKV,10240,8192,1024,steady,c_flux_ag,350,0.1627,0.1544,0.1751,0.0588
L-QKV,10240,8192,1024,steady,c_fluxgemm,350,0.1034,0.1029,0.1044,0.0192
L-QKV,10240,8192,1024,steady,c_nccl_ag,350,0.1396,0.1359,0.1496,0.0348
L-QKV,10240,8192,1032,steady,A_fused,350,0.2756,0.2651,0.2862,0.0672
L-QKV,10240,8192,1032,steady,B_nccl_cublas,350,0.2621,0.2560,0.2735,0.0624
L-QKV,10240,8192,1032,steady,C_fluxag_cublas,350,0.2878,0.2765,0.2988,0.0815
L-QKV,10240,8192,1032,steady,D_fluxag_fluxgemm,350,0.2853,0.2749,0.2967,0.0826
L-QKV,10240,8192,1032,steady,c_cublas,350,0.1142,0.1141,0.1159,0.0159
L-QKV,10240,8192,1032,steady,c_flux_ag,350,0.1643,0.1547,0.1782,0.0593
L-QKV,10240,8192,1032,steady,c_fluxgemm,350,0.1132,0.1128,0.1141,0.0189
L-QKV,10240,8192,1032,steady,c_nccl_ag,350,0.1395,0.1357,0.1515,0.0348
L-QKV,10240,8192,2048,steady,A_fused,350,0.4086,0.3951,0.4220,0.0668
L-QKV,10240,8192,2048,steady,B_nccl_cublas,350,0.4307,0.4256,0.4380,0.0629
L-QKV,10240,8192,2048,steady,C_fluxag_cublas,350,0.4461,0.4317,0.4593,0.0821
L-QKV,10240,8192,2048,steady,D_fluxag_fluxgemm,350,0.4240,0.4092,0.4381,0.0822
L-QKV,10240,8192,2048,steady,c_cublas,350,0.2147,0.2145,0.2165,0.0163
L-QKV,10240,8192,2048,steady,c_flux_ag,350,0.2152,0.2096,0.2309,0.0594
L-QKV,10240,8192,2048,steady,c_fluxgemm,350,0.1935,0.1931,0.1948,0.0186
L-QKV,10240,8192,2048,steady,c_nccl_ag,350,0.2106,0.2095,0.2198,0.0349
L-QKV,10240,8192,3072,steady,A_fused,348,0.4251,0.4197,0.4328,0.0668
L-QKV,10240,8192,3072,steady,B_nccl_cublas,348,0.5887,0.5827,0.5957,0.0628
L-QKV,10240,8192,3072,steady,C_fluxag_cublas,348,0.6098,0.5960,0.6218,0.0820
L-QKV,10240,8192,3072,steady,D_fluxag_fluxgemm,348,0.5576,0.5444,0.5714,0.0821
L-QKV,10240,8192,3072,steady,c_cublas,348,0.3229,0.3206,0.3256,0.0163
L-QKV,10240,8192,3072,steady,c_flux_ag,348,0.2675,0.2644,0.2828,0.0592
L-QKV,10240,8192,3072,steady,c_fluxgemm,348,0.2724,0.2716,0.2739,0.0186
L-QKV,10240,8192,3072,steady,c_nccl_ag,348,0.2623,0.2602,0.2711,0.0348
