meta,devices=[0, 1, 2, 3, 4, 5, 6, 7],size_mib=1024,copies=20,warmup=5,repeats=20,numa_mode=local
repeat,wall_seconds,h2d_GBps,d2h_GBps,h2d_per_gpu_GBps,d2h_per_gpu_GBps,start_skew_us,h2d_cuda_median_ms,d2h_cuda_median_ms
0,2.992929842,57.402,57.402,7.175,7.175,276.382,2991.057,1786.773
1,2.991812337,57.423,57.423,7.178,7.178,72.781,2989.869,1784.896
2,2.995744646,57.348,57.348,7.168,7.168,60.187,2991.826,1788.270
3,2.998480328,57.295,57.295,7.162,7.162,52.364,2992.302,1790.121
4,2.994722486,57.367,57.367,7.171,7.171,56.465,2992.449,1788.423
5,2.999079069,57.284,57.284,7.160,7.160,66.136,2993.642,1790.125
6,2.994525837,57.371,57.371,7.171,7.171,60.670,2992.521,1788.467
7,2.995019828,57.361,57.361,7.170,7.170,68.130,2992.599,1788.348
8,2.996333386,57.336,57.336,7.167,7.167,60.769,2993.606,1788.187
9,2.997964765,57.305,57.305,7.163,7.163,86.423,2991.621,1787.416
10,2.995434346,57.354,57.354,7.169,7.169,43.494,2993.815,1788.438
11,2.996039870,57.342,57.342,7.168,7.168,62.962,2989.206,1787.657
12,2.996622850,57.331,57.331,7.166,7.166,59.493,2989.904,1787.367
13,2.994525363,57.371,57.371,7.171,7.171,72.086,2992.350,1787.143
14,2.996177478,57.339,57.339,7.167,7.167,40.865,2993.245,1789.797
15,2.999728089,57.271,57.271,7.159,7.159,42.336,2991.827,1790.342
16,2.995373818,57.355,57.355,7.169,7.169,42.469,2991.721,1787.038
17,2.994979292,57.362,57.362,7.170,7.170,41.693,2991.113,1785.738
18,2.995322851,57.356,57.356,7.169,7.169,43.446,2992.168,1788.092
19,2.995018153,57.361,57.361,7.170,7.170,42.936,2989.062,1786.987
summary,h2d_median_GBps=57.354,h2d_stdev_GBps=0.037,d2h_median_GBps=57.354,d2h_stdev_GBps=0.037,h2d_per_gpu_median_GBps=7.169,d2h_per_gpu_median_GBps=7.169,start_skew_max_us=276.382
