meta,devices=[0, 1],size_mib=1024,copies=20,warmup=5,repeats=20,numa_mode=local
repeat,wall_seconds,h2d_GBps,d2h_GBps,h2d_per_gpu_GBps,d2h_per_gpu_GBps,start_skew_us,h2d_cuda_median_ms,d2h_cuda_median_ms
0,2.925806012,14.680,14.680,7.340,7.340,59.294,2924.717,1733.352
1,2.925380068,14.682,14.682,7.341,7.341,5.788,2924.333,1733.011
2,2.924776523,14.685,14.685,7.342,7.342,22.874,2923.655,1732.429
3,2.924592056,14.686,14.686,7.343,7.343,43.415,2923.669,1732.832
4,2.925771235,14.680,14.680,7.340,7.340,27.144,2924.683,1733.294
5,2.925684791,14.680,14.680,7.340,7.340,10.380,2924.831,1733.387
6,2.925942425,14.679,14.679,7.339,7.339,5.615,2924.842,1733.295
7,2.924978334,14.684,14.684,7.342,7.342,32.047,2923.868,1732.419
8,2.924952769,14.684,14.684,7.342,7.342,5.795,2923.946,1732.610
9,2.924386425,14.687,14.687,7.343,7.343,25.913,2923.175,1731.891
10,2.925239805,14.682,14.682,7.341,7.341,5.489,2924.326,1733.057
11,2.925171102,14.683,14.683,7.341,7.341,6.195,2924.053,1732.574
12,2.924964597,14.684,14.684,7.342,7.342,5.957,2923.826,1732.343
13,2.925980606,14.679,14.679,7.339,7.339,5.952,2924.854,1733.077
14,2.924911737,14.684,14.684,7.342,7.342,5.767,2923.995,1732.628
15,2.924485804,14.686,14.686,7.343,7.343,6.402,2923.281,1731.913
16,2.925280318,14.682,14.682,7.341,7.341,6.039,2924.084,1732.494
17,2.925161810,14.683,14.683,7.341,7.341,6.037,2924.385,1733.367
18,2.926079740,14.678,14.678,7.339,7.339,6.077,2924.862,1732.947
19,2.926085113,14.678,14.678,7.339,7.339,5.623,2925.252,1733.916
summary,h2d_median_GBps=14.683,h2d_stdev_GBps=0.003,d2h_median_GBps=14.683,d2h_stdev_GBps=0.003,h2d_per_gpu_median_GBps=7.341,d2h_per_gpu_median_GBps=7.341,start_skew_max_us=59.294
