meta,devices=[0],size_mib=1024,copies=20,warmup=5,repeats=20,numa_mode=local
repeat,wall_seconds,h2d_GBps,d2h_GBps,h2d_per_gpu_GBps,d2h_per_gpu_GBps,start_skew_us,h2d_cuda_median_ms,d2h_cuda_median_ms
0,1.688155922,12.721,12.721,12.721,12.721,0.000,1687.961,963.795
1,1.689842209,12.708,12.708,12.708,12.708,0.000,1689.611,965.185
2,1.690145331,12.706,12.706,12.706,12.706,0.000,1689.902,965.425
3,1.690360728,12.704,12.704,12.704,12.704,0.000,1690.160,965.564
4,1.690855454,12.701,12.701,12.701,12.701,0.000,1690.656,966.000
5,1.690930794,12.700,12.700,12.700,12.700,0.000,1690.737,966.036
6,1.691653588,12.695,12.695,12.695,12.695,0.000,1691.494,966.691
7,1.691722751,12.694,12.694,12.694,12.694,0.000,1691.511,966.851
8,1.691885789,12.693,12.693,12.693,12.693,0.000,1691.695,966.979
9,1.692301947,12.690,12.690,12.690,12.690,0.000,1692.108,967.261
10,1.692368175,12.689,12.689,12.689,12.689,0.000,1692.165,967.206
11,1.694246446,12.675,12.675,12.675,12.675,0.000,1693.999,968.849
12,1.694396409,12.674,12.674,12.674,12.674,0.000,1694.175,969.105
13,1.694543353,12.673,12.673,12.673,12.673,0.000,1694.295,969.217
14,1.694669907,12.672,12.672,12.672,12.672,0.000,1694.458,969.228
15,1.694577770,12.673,12.673,12.673,12.673,0.000,1694.374,969.372
16,1.694474927,12.673,12.673,12.673,12.673,0.000,1694.283,969.224
17,1.694554531,12.673,12.673,12.673,12.673,0.000,1694.354,969.197
18,1.694577888,12.673,12.673,12.673,12.673,0.000,1694.378,969.229
19,1.694709940,12.672,12.672,12.672,12.672,0.000,1694.549,969.310
summary,h2d_median_GBps=12.689,h2d_stdev_GBps=0.015,d2h_median_GBps=12.689,d2h_stdev_GBps=0.015,h2d_per_gpu_median_GBps=12.689,d2h_per_gpu_median_GBps=12.689,start_skew_max_us=0.000
