tp,model,phase,M,t_tp_ar_modelled,t_sp_modelled,delta,choice,layout_probe
8,qwen2.5-32b,decode,32,0.2762,0.3161,-0.0399,tp_ar_vllm,1
8,qwen2.5-32b,decode,128,0.3304,0.4006,-0.0702,tp_ar_vllm,0
8,qwen2.5-32b,decode,256,0.4320,0.5006,-0.0686,tp_ar_vllm,0
8,qwen2.5-32b,decode,384,0.5247,0.5868,-0.0621,tp_ar_vllm,1
8,qwen2.5-32b,decode,512,0.5627,0.6080,-0.0452,tp_ar_vllm,1
8,qwen2.5-32b,prefill,1024,1.0200,0.9108,0.1092,sp_g4,0
8,qwen2.5-32b,prefill,2048,1.7623,1.5916,0.1707,sp_g4,0
8,qwen2.5-32b,prefill,4096,3.2760,2.7157,0.5603,sp_g4,0
4,qwen2.5-32b,decode,32,0.3472,0.3667,-0.0195,tp_ar_vllm,1
4,qwen2.5-32b,decode,128,0.4281,0.5144,-0.0863,tp_ar_vllm,0
4,qwen2.5-32b,decode,256,0.5035,0.6597,-0.1562,tp_ar_vllm,0
4,qwen2.5-32b,decode,384,0.7291,0.8161,-0.0870,tp_ar_vllm,1
4,qwen2.5-32b,decode,512,0.7983,0.8734,-0.0751,tp_ar_vllm,1
4,qwen2.5-32b,prefill,1024,1.5217,1.4156,0.1060,sp_g4,1
4,qwen2.5-32b,prefill,2048,2.7034,2.4768,0.2266,sp_g4,0
4,qwen2.5-32b,prefill,4096,5.1951,4.6226,0.5725,sp_g4,0
4,llama3-8b,decode,32,0.2563,0.2788,-0.0226,tp_ar_vllm,1
4,llama3-8b,decode,128,0.3079,0.3737,-0.0658,tp_ar_vllm,0
4,llama3-8b,decode,256,0.3869,0.4801,-0.0931,tp_ar_vllm,0
4,llama3-8b,decode,384,0.4287,0.5599,-0.1312,tp_ar_vllm,0
4,llama3-8b,decode,512,0.5992,0.6286,-0.0294,tp_ar_vllm,1
4,llama3-8b,prefill,1024,0.9619,0.8466,0.1153,sp_g4,0
4,llama3-8b,prefill,2048,1.6124,1.4399,0.1725,sp_g4,0
4,llama3-8b,prefill,4096,2.8317,2.4211,0.4106,sp_g4,0
