group,dim0,dim1,M,mode,round,item,order_pos,rank_max_ms,rank_min_ms,rank0_ms,cpu_launch_rank_max_ms,min_sm_clock_mhz,kept
ag,2560,5120,16,gpu,0,c_cublas,0,0.07066,0.03482,0.03686,0.88221,0,1
ag,2560,5120,16,gpu,0,c_fluxgemm,3,0.07475,0.06349,0.07475,0.04288,0,1
ag,2560,5120,16,gpu,0,c_flux_ag,1,0.11818,0.09914,0.11818,0.07951,0,1
ag,2560,5120,16,gpu,0,A_fused,2,0.16794,0.14336,0.15974,0.09636,0,1
ag,2560,5120,16,gpu,1,c_cublas,3,0.03789,0.03482,0.03686,0.04362,0,1
ag,2560,5120,16,gpu,1,c_fluxgemm,0,0.07373,0.06451,0.07270,0.04150,0,1
ag,2560,5120,16,gpu,1,c_flux_ag,2,0.10886,0.09354,0.10061,0.06929,0,1
ag,2560,5120,16,gpu,1,A_fused,1,0.17510,0.14643,0.16282,0.09434,0,1
ag,2560,5120,16,gpu,2,c_cublas,3,0.03891,0.03482,0.03686,0.04115,0,1
ag,2560,5120,16,gpu,2,c_fluxgemm,0,0.07475,0.06349,0.07270,0.04243,0,1
ag,2560,5120,16,gpu,2,c_flux_ag,1,0.11155,0.09712,0.11155,0.07859,0,1
ag,2560,5120,16,gpu,2,A_fused,2,0.16486,0.14643,0.15974,0.09251,0,1
ag,2560,5120,16,gpu,3,c_cublas,1,0.03891,0.03584,0.03789,0.03989,0,1
ag,2560,5120,16,gpu,3,c_fluxgemm,3,0.07475,0.06349,0.07373,0.03839,0,1
ag,2560,5120,16,gpu,3,c_flux_ag,0,0.13485,0.11478,0.12493,0.07201,0,1
ag,2560,5120,16,gpu,3,A_fused,2,0.16384,0.14643,0.16384,0.10022,0,1
ag,2560,5120,16,gpu,4,c_cublas,3,0.03789,0.03482,0.03789,0.03979,0,1
ag,2560,5120,16,gpu,4,c_fluxgemm,1,0.07885,0.06656,0.07270,0.04125,0,1
ag,2560,5120,16,gpu,4,c_flux_ag,0,0.11437,0.09600,0.10573,0.07725,0,1
ag,2560,5120,16,gpu,4,A_fused,2,0.16896,0.14848,0.16486,0.09590,0,1
ag,2560,5120,16,steady,0,c_cublas,0,0.04256,0.02765,0.02835,0.03498,0,1
ag,2560,5120,16,steady,0,c_fluxgemm,1,0.06534,0.05600,0.06509,0.02437,0,1
ag,2560,5120,16,steady,0,c_flux_ag,2,0.10340,0.10258,0.10340,0.06469,0,1
ag,2560,5120,16,steady,0,A_fused,3,0.15174,0.15034,0.15110,0.08075,0,1
ag,2560,5120,16,steady,1,c_cublas,2,0.02835,0.02573,0.02835,0.02126,0,1
ag,2560,5120,16,steady,1,c_fluxgemm,1,0.06534,0.05638,0.06470,0.02657,0,1
ag,2560,5120,16,steady,1,c_flux_ag,0,0.10215,0.10103,0.10151,0.07077,0,1
ag,2560,5120,16,steady,1,A_fused,3,0.15738,0.15565,0.15699,0.08294,0,1
ag,2560,5120,16,steady,2,c_cublas,2,0.02822,0.02586,0.02816,0.02084,0,1
ag,2560,5120,16,steady,2,c_fluxgemm,3,0.06515,0.05613,0.06483,0.02718,0,1
ag,2560,5120,16,steady,2,c_flux_ag,1,0.10338,0.10269,0.10338,0.07008,0,1
ag,2560,5120,16,steady,2,A_fused,0,0.15386,0.15226,0.15334,0.08180,0,1
ag,2560,5120,128,gpu,0,c_cublas,3,0.04608,0.04198,0.04608,0.11569,0,1
ag,2560,5120,128,gpu,0,c_fluxgemm,2,0.07680,0.06554,0.07373,0.11387,0,1
ag,2560,5120,128,gpu,0,c_flux_ag,0,0.13210,0.10576,0.11466,0.18288,0,1
ag,2560,5120,128,gpu,0,A_fused,1,0.17715,0.14848,0.16077,0.23410,0,1
ag,2560,5120,128,gpu,1,c_cublas,3,0.04608,0.04198,0.04608,0.10436,0,1
ag,2560,5120,128,gpu,1,c_fluxgemm,1,0.07987,0.06656,0.07475,0.10724,0,1
ag,2560,5120,128,gpu,1,c_flux_ag,0,0.11405,0.10154,0.11018,0.17763,0,1
ag,2560,5120,128,gpu,1,A_fused,2,0.17408,0.14643,0.15974,0.22489,0,1
ag,2560,5120,128,gpu,2,c_cublas,0,0.04710,0.04198,0.04608,0.09689,0,1
ag,2560,5120,128,gpu,2,c_fluxgemm,1,0.07475,0.06451,0.07270,0.10925,0,1
ag,2560,5120,128,gpu,2,c_flux_ag,3,0.11846,0.10150,0.10150,0.17520,0,1
ag,2560,5120,128,gpu,2,A_fused,2,0.18227,0.16486,0.16486,0.22361,0,1
ag,2560,5120,128,gpu,3,c_cublas,1,0.04813,0.04198,0.04710,0.10351,0,1
ag,2560,5120,128,gpu,3,c_fluxgemm,2,0.07578,0.06554,0.07475,0.10875,0,1
ag,2560,5120,128,gpu,3,c_flux_ag,0,0.11667,0.09843,0.11014,0.16748,0,1
ag,2560,5120,128,gpu,3,A_fused,3,0.19558,0.17510,0.19251,0.22610,0,1
ag,2560,5120,128,gpu,4,c_cublas,1,0.04813,0.04301,0.04813,0.10284,0,1
ag,2560,5120,128,gpu,4,c_fluxgemm,2,0.07782,0.06758,0.07782,0.10713,0,1
ag,2560,5120,128,gpu,4,c_flux_ag,0,0.11776,0.10406,0.11776,0.17244,0,1
ag,2560,5120,128,gpu,4,A_fused,3,0.17613,0.15565,0.16486,0.22493,0,1
ag,2560,5120,128,steady,0,c_cublas,3,0.05779,0.03334,0.03674,0.05403,0,1
ag,2560,5120,128,steady,0,c_fluxgemm,0,0.08096,0.05658,0.07098,0.06285,0,1
ag,2560,5120,128,steady,0,c_flux_ag,1,0.15509,0.15207,0.15475,0.14948,0,1
ag,2560,5120,128,steady,0,A_fused,2,0.19386,0.18835,0.19347,0.18474,0,1
ag,2560,5120,128,steady,1,c_cublas,3,0.05715,0.03328,0.03686,0.05425,0,1
ag,2560,5120,128,steady,1,c_fluxgemm,0,0.07354,0.05658,0.06515,0.06940,0,1
ag,2560,5120,128,steady,1,c_flux_ag,2,0.16144,0.15697,0.16144,0.15473,0,1
ag,2560,5120,128,steady,1,A_fused,1,0.19142,0.18630,0.19130,0.18270,0,1
ag,2560,5120,128,steady,2,c_cublas,2,0.05766,0.03341,0.03680,0.05462,0,1
ag,2560,5120,128,steady,2,c_fluxgemm,1,0.07251,0.05728,0.06624,0.06843,0,1
ag,2560,5120,128,steady,2,c_flux_ag,0,0.16039,0.15640,0.16023,0.15418,0,1
ag,2560,5120,128,steady,2,A_fused,3,0.18784,0.18189,0.18784,0.17832,0,1
ag,2560,5120,512,gpu,0,c_cublas,1,0.08909,0.07373,0.08909,0.11477,0,1
ag,2560,5120,512,gpu,0,c_fluxgemm,2,0.09626,0.08090,0.09523,0.13168,0,1
ag,2560,5120,512,gpu,0,c_flux_ag,0,0.19069,0.14070,0.19069,0.20625,0,1
ag,2560,5120,512,gpu,0,A_fused,3,0.21197,0.18637,0.21197,0.26289,0,1
ag,2560,5120,512,gpu,1,c_cublas,0,0.08704,0.07270,0.08704,0.10563,0,1
ag,2560,5120,512,gpu,1,c_fluxgemm,3,0.09523,0.07987,0.09421,0.11022,0,1
ag,2560,5120,512,gpu,1,c_flux_ag,1,0.13603,0.11459,0.11974,0.19237,0,1
ag,2560,5120,512,gpu,1,A_fused,2,0.25395,0.22528,0.23757,0.23792,0,1
ag,2560,5120,512,gpu,2,c_cublas,0,0.08704,0.07270,0.08704,0.10446,0,1
ag,2560,5120,512,gpu,2,c_fluxgemm,2,0.09523,0.08090,0.09523,0.10755,0,1
ag,2560,5120,512,gpu,2,c_flux_ag,3,0.13027,0.11309,0.12586,0.19342,0,1
ag,2560,5120,512,gpu,2,A_fused,1,0.24986,0.20378,0.24986,0.24707,0,1
ag,2560,5120,512,gpu,3,c_cublas,0,0.08909,0.07270,0.08806,0.12280,0,1
ag,2560,5120,512,gpu,3,c_fluxgemm,1,0.09626,0.08090,0.09626,0.11356,0,1
ag,2560,5120,512,gpu,3,c_flux_ag,2,0.13254,0.11594,0.11901,0.20291,0,1
ag,2560,5120,512,gpu,3,A_fused,3,0.21197,0.18022,0.21197,0.23073,0,1
ag,2560,5120,512,gpu,4,c_cublas,0,0.08704,0.07270,0.08704,0.10417,0,1
ag,2560,5120,512,gpu,4,c_fluxgemm,1,0.09523,0.08090,0.09523,0.11123,0,1
ag,2560,5120,512,gpu,4,c_flux_ag,2,0.13645,0.11664,0.12538,0.18836,0,1
ag,2560,5120,512,gpu,4,A_fused,3,0.20890,0.18534,0.20787,0.24790,0,1
ag,2560,5120,512,steady,0,c_cublas,2,0.08365,0.06848,0.08365,0.04686,0,1
ag,2560,5120,512,steady,0,c_fluxgemm,1,0.09677,0.07501,0.09677,0.06450,0,1
ag,2560,5120,512,steady,0,c_flux_ag,0,0.17101,0.15846,0.15846,0.15580,0,1
ag,2560,5120,512,steady,0,A_fused,3,0.20858,0.20659,0.20858,0.17798,0,1
ag,2560,5120,512,steady,1,c_cublas,1,0.08928,0.06848,0.08928,0.04610,0,1
ag,2560,5120,512,steady,1,c_fluxgemm,3,0.09005,0.07494,0.08992,0.06300,0,1
ag,2560,5120,512,steady,1,c_flux_ag,0,0.16135,0.15463,0.15615,0.15383,0,1
ag,2560,5120,512,steady,1,A_fused,2,0.21357,0.21178,0.21357,0.17679,0,1
ag,2560,5120,512,steady,2,c_cublas,3,0.08928,0.06848,0.08928,0.04190,0,1
ag,2560,5120,512,steady,2,c_fluxgemm,0,0.09542,0.07437,0.09542,0.06239,0,1
ag,2560,5120,512,steady,2,c_flux_ag,2,0.12950,0.12706,0.12950,0.15343,0,1
ag,2560,5120,512,steady,2,A_fused,1,0.21024,0.20826,0.21024,0.17584,0,1
ag,2560,5120,2048,gpu,0,c_cublas,1,0.31437,0.25805,0.31437,0.11312,0,1
ag,2560,5120,2048,gpu,0,c_fluxgemm,3,0.26522,0.22016,0.26522,0.12085,0,1
ag,2560,5120,2048,gpu,0,c_flux_ag,2,0.18022,0.16243,0.18022,0.20761,0,1
ag,2560,5120,2048,gpu,0,A_fused,0,0.62874,0.47718,0.58778,0.27125,0,1
ag,2560,5120,2048,gpu,1,c_cublas,1,0.31334,0.25702,0.31334,0.10978,0,1
ag,2560,5120,2048,gpu,1,c_fluxgemm,2,0.26522,0.22016,0.26522,0.12931,0,1
ag,2560,5120,2048,gpu,1,c_flux_ag,0,0.27168,0.23878,0.23878,0.20597,0,1
ag,2560,5120,2048,gpu,1,A_fused,3,0.37786,0.31744,0.37786,0.23368,0,1
ag,2560,5120,2048,gpu,2,c_cublas,0,0.31437,0.25805,0.31437,0.12188,0,1
ag,2560,5120,2048,gpu,2,c_fluxgemm,2,0.26726,0.22118,0.26726,0.12077,0,1
ag,2560,5120,2048,gpu,2,c_flux_ag,3,0.17786,0.16442,0.17786,0.18529,0,1
ag,2560,5120,2048,gpu,2,A_fused,1,0.36045,0.31130,0.36045,0.23784,0,1
ag,2560,5120,2048,gpu,3,c_cublas,1,0.31539,0.25907,0.31539,0.10489,0,1
ag,2560,5120,2048,gpu,3,c_fluxgemm,0,0.26624,0.22118,0.26624,0.12332,0,1
ag,2560,5120,2048,gpu,3,c_flux_ag,3,0.18890,0.16282,0.18890,0.17901,0,1
ag,2560,5120,2048,gpu,3,A_fused,2,0.40243,0.33690,0.40243,0.25222,0,1
ag,2560,5120,2048,gpu,4,c_cublas,1,0.31539,0.25805,0.31539,0.10650,0,1
ag,2560,5120,2048,gpu,4,c_fluxgemm,2,0.26624,0.22221,0.26624,0.12813,0,1
ag,2560,5120,2048,gpu,4,c_flux_ag,0,0.17709,0.16234,0.17709,0.18313,0,1
ag,2560,5120,2048,gpu,4,A_fused,3,0.39219,0.33894,0.39219,0.23074,0,1
ag,2560,5120,2048,steady,0,c_cublas,1,0.31085,0.25453,0.31085,0.05194,0,1
ag,2560,5120,2048,steady,0,c_fluxgemm,0,0.26810,0.21568,0.26810,0.06151,0,1
ag,2560,5120,2048,steady,0,c_flux_ag,2,0.19655,0.19518,0.19655,0.15702,0,1
ag,2560,5120,2048,steady,0,A_fused,3,0.35520,0.35206,0.35520,0.17497,0,1
ag,2560,5120,2048,steady,1,c_cublas,3,0.31098,0.25421,0.31098,0.04282,0,1
ag,2560,5120,2048,steady,1,c_fluxgemm,1,0.26170,0.21542,0.26170,0.05387,0,1
ag,2560,5120,2048,steady,1,c_flux_ag,0,0.19208,0.18607,0.18607,0.15499,0,1
ag,2560,5120,2048,steady,1,A_fused,2,0.36685,0.36390,0.36685,0.15648,0,1
ag,2560,5120,2048,steady,2,c_cublas,1,0.31085,0.25421,0.31085,0.03420,0,1
ag,2560,5120,2048,steady,2,c_fluxgemm,0,0.26534,0.21498,0.26534,0.04438,0,1
ag,2560,5120,2048,steady,2,c_flux_ag,3,0.17894,0.17816,0.17894,0.10794,0,1
ag,2560,5120,2048,steady,2,A_fused,2,0.36269,0.35994,0.36269,0.12449,0,1
ag,2560,5120,8192,gpu,0,c_cublas,2,0.81613,0.75981,0.81613,0.10002,0,1
ag,2560,5120,8192,gpu,0,c_fluxgemm,1,0.90522,0.84275,0.90522,0.11750,0,1
ag,2560,5120,8192,gpu,0,c_flux_ag,3,0.46269,0.43280,0.44467,0.19114,0,1
ag,2560,5120,8192,gpu,0,A_fused,0,1.16326,1.12947,1.12947,0.22502,0,1
ag,2560,5120,8192,gpu,1,c_cublas,0,0.81715,0.76083,0.81715,0.10829,0,1
ag,2560,5120,8192,gpu,1,c_fluxgemm,3,0.90419,0.84378,0.90419,0.10491,0,1
ag,2560,5120,8192,gpu,1,c_flux_ag,2,0.39917,0.38106,0.39917,0.17822,0,1
ag,2560,5120,8192,gpu,1,A_fused,1,1.02093,0.96563,1.02093,0.23744,0,1
ag,2560,5120,8192,gpu,2,c_cublas,0,0.81715,0.75981,0.81715,0.10743,0,1
ag,2560,5120,8192,gpu,2,c_fluxgemm,2,0.90624,0.84582,0.90624,0.10376,0,1
ag,2560,5120,8192,gpu,2,c_flux_ag,3,0.40464,0.38029,0.38256,0.18259,0,1
ag,2560,5120,8192,gpu,2,A_fused,1,1.02298,0.96768,1.02298,0.23646,0,1
ag,2560,5120,8192,gpu,3,c_cublas,0,0.81818,0.76083,0.81818,0.09687,0,1
ag,2560,5120,8192,gpu,3,c_fluxgemm,3,0.90522,0.84582,0.90522,0.09514,0,1
ag,2560,5120,8192,gpu,3,c_flux_ag,2,0.40483,0.38032,0.38858,0.16091,0,1
ag,2560,5120,8192,gpu,3,A_fused,1,1.02298,0.96563,1.02298,0.21438,0,1
ag,2560,5120,8192,gpu,4,c_cublas,3,0.81613,0.75981,0.81613,0.08724,0,1
ag,2560,5120,8192,gpu,4,c_fluxgemm,2,0.90624,0.84480,0.90624,0.08426,0,1
ag,2560,5120,8192,gpu,4,c_flux_ag,0,0.45286,0.43738,0.45286,0.14886,0,1
ag,2560,5120,8192,gpu,4,A_fused,1,1.02093,0.96154,1.02093,0.20366,0,1
ag,2560,5120,8192,steady,0,c_cublas,1,0.83846,0.80768,0.80858,0.01406,0,1
ag,2560,5120,8192,steady,0,c_fluxgemm,2,0.92237,0.88307,0.89261,0.01858,0,1
ag,2560,5120,8192,steady,0,c_flux_ag,0,0.41757,0.40253,0.40838,0.05739,0,1
ag,2560,5120,8192,steady,0,A_fused,3,1.03552,1.03360,1.03360,0.06953,0,1
ag,2560,5120,8192,steady,1,c_cublas,0,0.84410,0.82803,0.83302,0.01437,0,1
ag,2560,5120,8192,steady,1,c_fluxgemm,1,0.93222,0.91418,0.93171,0.01976,0,1
ag,2560,5120,8192,steady,1,c_flux_ag,2,0.40576,0.40398,0.40576,0.05794,0,1
ag,2560,5120,8192,steady,1,A_fused,3,1.04486,1.04211,1.04486,0.06361,0,1
ag,2560,5120,8192,steady,2,c_cublas,0,0.84845,0.80698,0.83866,0.01333,0,1
ag,2560,5120,8192,steady,2,c_fluxgemm,2,0.92525,0.90906,0.92525,0.01781,0,1
ag,2560,5120,8192,steady,2,c_flux_ag,3,0.40508,0.40445,0.40504,0.05643,0,1
ag,2560,5120,8192,steady,2,A_fused,1,1.03936,1.03814,1.03923,0.06416,0,1
