phase,mode,M,policy,predicted_ms,measured_ms
decode,eager,8,sp_flux,0.8068,-0.4234
decode,eager,8,sp_rsflux,0.0708,-0.2473
decode,eager,8,sp_dispatch,0.0000,-0.0077
decode,eager,16,sp_flux,0.7912,-0.3763
decode,eager,16,sp_rsflux,0.0676,-0.2273
decode,eager,16,sp_dispatch,0.0000,-0.0184
decode,eager,32,sp_flux,0.6908,-0.3881
decode,eager,32,sp_rsflux,0.0400,-0.2278
decode,eager,32,sp_dispatch,0.0000,0.0010
decode,eager,64,sp_flux,0.6460,-0.2719
decode,eager,64,sp_rsflux,0.0436,-0.2012
decode,eager,64,sp_dispatch,0.0000,0.0195
decode,eager,128,sp_flux,0.5424,-0.0660
decode,eager,128,sp_rsflux,-0.0032,-0.2140
decode,eager,128,sp_dispatch,0.0000,-0.0087
decode,eager,256,sp_flux,0.3384,0.3195
decode,eager,256,sp_rsflux,-0.1868,-0.1756
decode,eager,256,sp_dispatch,-0.1868,-0.1802
decode,eager,512,sp_flux,-0.4260,-0.4608
decode,eager,512,sp_rsflux,-0.5248,-0.5222
decode,eager,512,sp_dispatch,-0.6004,-0.6124
decode,graph,8,sp_rsflux,0.1356,0.1260
decode,graph,8,sp_dispatch,0.0000,-0.0021
decode,graph,16,sp_rsflux,0.1268,0.1198
decode,graph,16,sp_dispatch,0.0000,0.0020
decode,graph,32,sp_rsflux,0.0284,0.0748
decode,graph,32,sp_dispatch,0.0000,0.0020
decode,graph,64,sp_rsflux,0.0656,0.0809
decode,graph,64,sp_dispatch,0.0000,-0.0020
decode,graph,128,sp_rsflux,-0.0120,0.0097
decode,graph,128,sp_dispatch,0.0000,0.0015
decode,graph,256,sp_rsflux,-0.2132,-0.1992
decode,graph,256,sp_dispatch,-0.2132,-0.2017
decode,graph,512,sp_rsflux,-0.5572,-0.5540
decode,graph,512,sp_dispatch,-0.6144,-0.6287
prefill,eager,1024,sp_flux,-0.8492,-0.8279
prefill,eager,1024,sp_rsflux,-0.7276,-0.7306
prefill,eager,1024,sp_dispatch,-0.8596,-0.8469
prefill,eager,2048,sp_flux,-1.4740,-1.4106
prefill,eager,2048,sp_rsflux,-1.1096,-1.1489
prefill,eager,2048,sp_dispatch,-1.3696,-1.3962
prefill,eager,4096,sp_flux,-1.1428,-1.4111
prefill,eager,4096,sp_rsflux,-1.8740,-1.9538
prefill,eager,4096,sp_dispatch,-2.7796,-2.8989
prefill,eager,8192,sp_flux,-5.8172,-6.2372
prefill,eager,8192,sp_rsflux,-3.2236,-2.8380
prefill,eager,8192,sp_dispatch,-5.8172,-6.1184
