model,tp,phase,M,tp_ar,tp_ar_vllm,sp_nccl,flux_in_sp,layout_cost,flux_gain_in_sp,oracle,rule_phase,auto_g4
llama3-8b,4,decode,32,0.79258,0.70451,0.88474,1.02502,0.25582319626407,0.15855505572258521,0.70451,0.70451,0.70451
llama3-8b,4,decode,128,1.34963,1.2200950000000002,1.483265,1.53651,0.21569631872927908,0.035897159307338944,1.2200950000000002,1.2200950000000002,1.2200950000000002
llama3-8b,4,decode,256,2.0951,1.87494,2.55795,2.4064,0.3642836570770265,-0.05924666236634801,1.87494,1.87494,1.87494
llama3-8b,4,decode,384,2.63066,2.41101,3.1104000000000003,3.04742,0.2900817499720034,-0.020248199588477567,2.41101,2.41101,2.41101
llama3-8b,4,decode,512,3.66336,3.44371,4.12774,3.84819,0.19863170824488718,-0.0677247113432532,3.44371,3.44371,3.44371
llama3-8b,4,prefill,1024,3.83181,3.83898,4.10214,3.29626,0.0685494584499009,-0.19645355838659828,3.29626,3.29626,3.30752
llama3-8b,4,prefill,2048,6.56077,6.5577,6.70515,5.791745000000001,0.022485017612882574,-0.13622439468169978,5.772285,5.791745000000001,5.772285
llama3-8b,4,prefill,4096,12.127745,12.12723,12.07808,10.51904,-0.00405286285491413,-0.12908011869436198,10.51443,10.51904,10.514945
qwen2.5-32b,8,decode,32,0.82227,0.7168,0.92058,1.03117,0.2842912946428571,0.1201307871124726,0.7168,0.7168,0.7168
qwen2.5-32b,8,decode,128,1.247745,1.10643,1.3824,1.44896,0.24942382256446405,0.04814814814814805,1.10643,1.10643,1.10643
qwen2.5-32b,8,decode,256,1.99987,1.76026,2.10739,2.12378,0.1972038221626351,0.007777392888834056,1.76026,1.76026,1.76026
qwen2.5-32b,8,decode,384,2.50778,2.23437,2.74432,2.60915,0.22822988135358058,-0.04925446012126866,2.23437,2.23437,2.23437
qwen2.5-32b,8,decode,512,2.83699,2.57024,3.0151700000000003,2.8201,0.17310834785856577,-0.06469618628468721,2.57024,2.57024,2.57024
qwen2.5-32b,8,prefill,1024,3.89581,3.889665,4.02227,3.62496,0.034091624857153446,-0.09877755595720816,3.62496,3.9127,3.6275199999999996
qwen2.5-32b,8,prefill,2048,6.869505,6.83622,7.0016,6.219265,0.024191731687979612,-0.11173660306215716,6.212095,6.219265,6.212095
qwen2.5-32b,8,prefill,4096,13.56902,13.58234,13.22701,11.34694,-0.02616117694005604,-0.14213869952468472,11.34694,11.34694,11.35616
qwen2.5-32b,4,decode,32,1.11821,1.02963,1.2073,1.36704,0.1725571321736934,0.13231177006543526,1.02963,1.02963,1.02963
qwen2.5-32b,4,decode,128,1.8647,1.74387,2.01216,2.05722,0.15384747716286196,0.022393845419847347,1.74387,1.74387,1.74387
qwen2.5-32b,4,decode,256,2.57229,2.36442,3.0438400000000003,2.94195,0.2873516549513202,-0.033474164213625035,2.36442,2.36442,2.36442
qwen2.5-32b,4,decode,384,3.85946,3.65107,4.345345,4.22707,0.19015658423421078,-0.027218782398175434,3.65107,3.65107,3.65107
qwen2.5-32b,4,decode,512,4.6208,4.38682,5.05446,4.70938,0.1521922485992131,-0.06827237726680979,4.38682,4.38682,4.38682
qwen2.5-32b,4,prefill,1024,5.9607,5.981185,6.2464,5.67501,0.044341547703339756,-0.09147508965163931,5.565440000000001,5.67501,5.565440000000001
qwen2.5-32b,4,prefill,2048,11.040255,11.04486,11.13651,10.32448,0.00829797752076522,-0.07291602126698582,10.293759999999999,10.32448,10.293759999999999
qwen2.5-32b,4,prefill,4096,22.268414999999997,22.30579,22.149635,20.291075,-0.007000648710491664,-0.0839092833809677,20.135424999999998,20.291075,20.135424999999998
