meta,devices=[0, 1, 2, 3, 4, 5, 6, 7],direction=dtoh,size_mib=1024,copies=20,warmup=5,repeats=20,numa_mode=remote
repeat,wall_seconds,aggregate_GBps,per_gpu_GBps,start_skew_us,median_cuda_ms,stdev_cuda_ms
0,2.274118552,75.545,9.443,75.942,2258.562,10.530
1,2.274122305,75.545,9.443,45.234,2257.854,10.742
2,2.273047216,75.581,9.448,47.811,2257.890,10.461
3,2.273187877,75.576,9.447,42.929,2257.787,10.717
4,2.274471160,75.533,9.442,44.364,2258.844,9.668
5,2.272108522,75.612,9.452,46.428,2259.452,9.641
6,2.274028317,75.548,9.444,44.476,2258.453,9.949
7,2.272846696,75.587,9.448,42.001,2258.039,9.227
8,2.271978666,75.616,9.452,41.656,2258.130,8.688
9,2.271815039,75.622,9.453,50.584,2257.778,8.813
10,2.272452591,75.601,9.450,65.428,2257.066,8.447
11,2.271454154,75.634,9.454,58.376,2257.915,9.307
12,2.272791602,75.589,9.449,82.166,2258.630,9.065
13,2.271553363,75.630,9.454,47.846,2257.821,8.092
14,2.273347595,75.571,9.446,41.580,2258.148,9.462
15,2.273245444,75.574,9.447,82.506,2258.842,10.472
16,2.273910546,75.552,9.444,40.449,2258.016,9.214
17,2.272092309,75.613,9.452,68.098,2257.672,8.846
18,2.273413163,75.569,9.446,49.263,2258.239,9.373
19,2.272901449,75.586,9.448,99.689,2259.123,9.648
summary,aggregate_median_GBps=75.583,aggregate_stdev_GBps=0.030,per_gpu_median_GBps=9.448,per_gpu_stdev_GBps=0.004,start_skew_max_us=99.689,cuda_median_ms=2258.084,cuda_median_stdev_ms=0.564
