meta,devices=[0, 2, 4, 6],direction=dtoh,size_mib=1024,copies=20,warmup=5,repeats=20,numa_mode=local
repeat,wall_seconds,aggregate_GBps,per_gpu_GBps,start_skew_us,median_cuda_ms,stdev_cuda_ms
0,0.922990823,93.066,23.267,32.258,917.418,5.754
1,0.922984094,93.067,23.267,54.282,917.546,5.116
2,0.922962193,93.069,23.267,17.874,917.712,4.814
3,0.923037324,93.062,23.265,28.053,917.919,4.609
4,0.922912420,93.074,23.269,61.736,918.352,4.260
5,0.922990393,93.066,23.267,36.017,919.077,3.873
6,0.922954383,93.070,23.267,40.037,918.987,3.686
7,0.922795353,93.086,23.272,17.306,919.201,3.521
8,0.922918226,93.074,23.268,33.490,919.194,3.284
9,0.922923146,93.073,23.268,35.385,919.206,3.271
10,0.923033496,93.062,23.266,42.105,919.261,3.219
11,0.922838544,93.082,23.270,35.053,919.300,3.061
12,0.922827640,93.083,23.271,21.468,919.349,3.062
13,0.922828322,93.083,23.271,16.909,919.319,3.013
14,0.922940168,93.071,23.268,16.788,919.438,2.998
15,0.922913539,93.074,23.269,16.752,919.316,2.913
16,0.922938691,93.072,23.268,37.387,919.554,2.893
17,0.922936376,93.072,23.268,52.442,919.473,2.924
18,0.922938282,93.072,23.268,47.173,919.539,2.865
19,0.922961064,93.069,23.267,49.127,919.481,2.919
summary,aggregate_median_GBps=93.072,aggregate_stdev_GBps=0.007,per_gpu_median_GBps=23.268,per_gpu_stdev_GBps=0.002,start_skew_max_us=61.736,cuda_median_ms=919.234,cuda_median_stdev_ms=0.712
