meta,devices=[0, 1],direction=dtoh,size_mib=1024,copies=20,warmup=5,repeats=20,numa_mode=local
repeat,wall_seconds,aggregate_GBps,per_gpu_GBps,start_skew_us,median_cuda_ms,stdev_cuda_ms
0,1.614532161,26.602,13.301,14.299,1614.380,0.002
1,1.614720972,26.599,13.299,16.241,1614.566,0.005
2,1.614478978,26.603,13.301,14.658,1614.362,0.004
3,1.614725500,26.599,13.299,4.061,1614.621,0.004
4,1.614613946,26.601,13.300,14.479,1614.486,0.017
5,1.614703203,26.599,13.300,5.964,1614.596,0.006
6,1.614624287,26.600,13.300,15.837,1614.492,0.002
7,1.614642869,26.600,13.300,15.802,1614.507,0.006
8,1.614615421,26.601,13.300,18.598,1614.517,0.002
9,1.614695698,26.599,13.300,4.357,1614.608,0.004
10,1.614731959,26.599,13.299,3.881,1614.654,0.004
11,1.614605927,26.601,13.300,18.448,1614.485,0.001
12,1.614333208,26.605,13.303,28.518,1614.206,0.003
13,1.614855616,26.597,13.298,28.177,1614.736,0.025
14,1.614607504,26.601,13.300,18.960,1614.488,0.003
15,1.614643163,26.600,13.300,19.086,1614.510,0.004
16,1.614596272,26.601,13.300,3.665,1614.470,0.008
17,1.614634929,26.600,13.300,16.281,1614.488,0.010
18,1.614839181,26.597,13.298,5.111,1614.732,0.011
19,1.614739808,26.599,13.299,28.678,1614.627,0.001
summary,aggregate_median_GBps=26.600,aggregate_stdev_GBps=0.002,per_gpu_median_GBps=13.300,per_gpu_stdev_GBps=0.001,start_skew_max_us=28.678,cuda_median_ms=1614.508,cuda_median_stdev_ms=0.125
