meta,devices=[0, 2, 4, 6],direction=htod,size_mib=1024,copies=20,warmup=5,repeats=20,numa_mode=local
repeat,wall_seconds,aggregate_GBps,per_gpu_GBps,start_skew_us,median_cuda_ms,stdev_cuda_ms
0,1.007689474,85.244,21.311,34.480,1004.105,4.142
1,1.007892071,85.227,21.307,27.480,1004.344,3.928
2,1.007952905,85.222,21.305,40.870,1004.446,3.806
3,1.008214084,85.200,21.300,29.217,1004.384,3.893
4,1.008797801,85.150,21.288,37.188,1004.489,4.059
5,1.008961629,85.136,21.284,43.073,1004.462,4.040
6,1.009166503,85.119,21.280,35.948,1004.537,4.100
7,1.009096588,85.125,21.281,37.167,1004.605,4.114
8,1.009180762,85.118,21.279,44.515,1004.693,4.112
9,1.009157307,85.120,21.280,43.131,1004.582,4.061
10,1.009120437,85.123,21.281,41.546,1004.720,3.999
11,1.009268576,85.110,21.278,40.163,1004.585,4.045
12,1.010118146,85.039,21.260,16.369,1004.716,4.264
13,1.010778676,84.983,21.246,39.139,1004.842,4.543
14,1.010930753,84.971,21.243,41.751,1004.916,4.526
15,1.010854688,84.977,21.244,19.418,1004.784,4.518
16,1.011030324,84.962,21.241,57.749,1004.846,4.552
17,1.010987125,84.966,21.241,40.276,1004.895,4.600
18,1.011235865,84.945,21.236,20.020,1004.855,4.654
19,1.010943547,84.969,21.242,21.083,1004.826,4.598
summary,aggregate_median_GBps=85.119,aggregate_stdev_GBps=0.100,per_gpu_median_GBps=21.280,per_gpu_stdev_GBps=0.025,start_skew_max_us=57.749,cuda_median_ms=1004.649,cuda_median_stdev_ms=0.216
