meta,devices=[0, 1, 2, 3, 4, 5, 6, 7],direction=htod,size_mib=1024,copies=20,warmup=5,repeats=20,numa_mode=local
repeat,wall_seconds,aggregate_GBps,per_gpu_GBps,start_skew_us,median_cuda_ms,stdev_cuda_ms
0,1.697719553,101.194,12.649,135.720,1695.373,2.226
1,1.697748533,101.192,12.649,65.641,1695.361,2.204
2,1.697728561,101.193,12.649,42.107,1695.311,2.267
3,1.697876232,101.184,12.648,46.450,1695.455,2.293
4,1.698147823,101.168,12.646,65.781,1695.344,2.352
5,1.698052098,101.174,12.647,60.932,1695.412,2.316
6,1.698048396,101.174,12.647,72.268,1695.373,2.410
7,1.698054180,101.174,12.647,59.936,1695.479,2.364
8,1.698139327,101.169,12.646,36.702,1695.387,2.340
9,1.698069004,101.173,12.647,66.869,1695.420,2.363
10,1.698055039,101.174,12.647,54.006,1695.423,2.321
11,1.698147451,101.168,12.646,46.250,1695.370,2.396
12,1.698077013,101.172,12.647,56.723,1695.426,2.350
13,1.698130195,101.169,12.646,42.833,1695.439,2.419
14,1.698198273,101.165,12.646,45.847,1695.413,2.392
15,1.698102204,101.171,12.646,55.077,1695.459,2.377
16,1.698184967,101.166,12.646,58.772,1695.432,2.421
17,1.698076249,101.173,12.647,51.892,1695.422,2.384
18,1.698082953,101.172,12.647,53.958,1695.430,2.365
19,1.698248009,101.162,12.645,57.594,1695.402,2.365
summary,aggregate_median_GBps=101.173,aggregate_stdev_GBps=0.009,per_gpu_median_GBps=12.647,per_gpu_stdev_GBps=0.001,start_skew_max_us=135.720,cuda_median_ms=1695.417,cuda_median_stdev_ms=0.041
