meta,devices=[0],direction=htod,size_mib=1024,copies=20,warmup=5,repeats=20,numa_mode=local
repeat,wall_seconds,aggregate_GBps,per_gpu_GBps,start_skew_us,median_cuda_ms,stdev_cuda_ms
0,0.983888534,21.826,21.826,0.000,983.781,0.000
1,0.983972387,21.825,21.825,0.000,983.792,0.000
2,0.984401004,21.815,21.815,0.000,984.220,0.000
3,0.984558253,21.812,21.812,0.000,984.413,0.000
4,0.984650668,21.810,21.810,0.000,984.494,0.000
5,0.984886352,21.804,21.804,0.000,984.773,0.000
6,0.985028904,21.801,21.801,0.000,984.901,0.000
7,0.985062043,21.800,21.800,0.000,984.906,0.000
8,0.985094798,21.800,21.800,0.000,984.942,0.000
9,0.985326001,21.795,21.795,0.000,985.171,0.000
10,0.985368910,21.794,21.794,0.000,985.204,0.000
11,0.985456474,21.792,21.792,0.000,985.305,0.000
12,0.985291973,21.795,21.795,0.000,985.133,0.000
13,0.985395735,21.793,21.793,0.000,985.219,0.000
14,0.985452156,21.792,21.792,0.000,985.312,0.000
15,0.985585071,21.789,21.789,0.000,985.494,0.000
16,0.985641792,21.788,21.788,0.000,985.549,0.000
17,0.985697036,21.786,21.786,0.000,985.604,0.000
18,0.985513457,21.791,21.791,0.000,985.424,0.000
19,0.985809049,21.784,21.784,0.000,985.744,0.000
summary,aggregate_median_GBps=21.795,aggregate_stdev_GBps=0.012,per_gpu_median_GBps=21.795,per_gpu_stdev_GBps=0.012,start_skew_max_us=0.000,cuda_median_ms=985.152,cuda_median_stdev_ms=0.570
