K,n,M,mode,round,item,order_pos,rank_max_ms,cpu_launch_rank_max_ms,kept
8192,1280,8,gpu,0,nccl,3,0.03072,0.27208,1
8192,1280,8,gpu,0,flux_default,2,0.11008,0.07876,1
8192,1280,8,gpu,0,proto_triton,4,0.01434,0.06195,1
8192,1280,8,gpu,0,proto_triton_bar,1,0.05530,0.08790,1
8192,1280,8,gpu,0,proto_triton_parbar,0,0.06349,0.11290,1
8192,1280,8,gpu,1,nccl,3,0.03174,0.08401,1
8192,1280,8,gpu,1,flux_default,4,0.10621,0.11941,1
8192,1280,8,gpu,1,proto_triton,2,0.01229,0.07627,1
8192,1280,8,gpu,1,proto_triton_bar,0,0.05120,0.09069,1
8192,1280,8,gpu,1,proto_triton_parbar,1,72.71117,73.37853,1
8192,1280,8,gpu,2,nccl,3,0.03072,0.05383,1
8192,1280,8,gpu,2,flux_default,0,0.10595,0.08774,1
8192,1280,8,gpu,2,proto_triton,1,0.01331,0.09423,1
8192,1280,8,gpu,2,proto_triton_bar,4,0.05325,0.09324,1
8192,1280,8,gpu,2,proto_triton_parbar,2,0.02560,0.09430,1
8192,1280,8,gpu,3,nccl,0,0.03482,0.06496,1
8192,1280,8,gpu,3,flux_default,1,0.11379,0.07905,1
8192,1280,8,gpu,3,proto_triton,4,0.01229,0.05248,1
8192,1280,8,gpu,3,proto_triton_bar,2,0.05018,0.08581,1
8192,1280,8,gpu,3,proto_triton_parbar,3,0.02662,0.07894,1
8192,1280,8,gpu,4,nccl,2,0.03584,0.04761,1
8192,1280,8,gpu,4,flux_default,0,0.10576,0.07974,1
8192,1280,8,gpu,4,proto_triton,3,0.01434,0.04677,1
8192,1280,8,gpu,4,proto_triton_bar,1,0.04915,0.08335,1
8192,1280,8,gpu,4,proto_triton_parbar,4,0.02867,0.07285,1
8192,1280,8,gpu,5,nccl,4,0.03174,0.06115,1
8192,1280,8,gpu,5,flux_default,1,0.13178,0.07751,1
8192,1280,8,gpu,5,proto_triton,0,0.01638,0.04684,1
8192,1280,8,gpu,5,proto_triton_bar,3,0.05325,0.08185,1
8192,1280,8,gpu,5,proto_triton_parbar,2,0.02560,0.08698,1
8192,1280,8,gpu,6,nccl,1,0.03584,0.06634,1
8192,1280,8,gpu,6,flux_default,2,0.10653,0.08360,1
8192,1280,8,gpu,6,proto_triton,3,0.01536,0.05620,1
8192,1280,8,gpu,6,proto_triton_bar,0,0.05427,0.10090,1
8192,1280,8,gpu,6,proto_triton_parbar,4,0.03174,0.07890,1
8192,1280,8,gpu,7,nccl,1,0.03482,0.05562,1
8192,1280,8,gpu,7,flux_default,0,0.10832,0.07778,1
8192,1280,8,gpu,7,proto_triton,3,0.01331,0.05609,1
8192,1280,8,gpu,7,proto_triton_bar,2,0.05325,0.08971,1
8192,1280,8,gpu,7,proto_triton_parbar,4,0.02355,0.10234,1
8192,1280,8,gpu,8,nccl,1,0.03277,0.06570,1
8192,1280,8,gpu,8,flux_default,2,0.10512,0.08020,1
8192,1280,8,gpu,8,proto_triton,4,0.01843,0.04951,1
8192,1280,8,gpu,8,proto_triton_bar,0,0.04915,0.08036,1
8192,1280,8,gpu,8,proto_triton_parbar,3,0.02458,0.08292,1
8192,1280,8,gpu,9,nccl,4,0.03072,0.11916,1
8192,1280,8,gpu,9,flux_default,3,0.11027,0.12906,1
8192,1280,8,gpu,9,proto_triton,1,0.01331,0.04377,1
8192,1280,8,gpu,9,proto_triton_bar,2,105.81299,106.82158,1
8192,1280,8,gpu,9,proto_triton_parbar,0,0.02662,0.08009,1
8192,1280,8,gpu,10,nccl,0,0.03482,0.08198,1
8192,1280,8,gpu,10,flux_default,2,0.10490,0.07877,1
8192,1280,8,gpu,10,proto_triton,1,0.01331,0.08332,1
8192,1280,8,gpu,10,proto_triton_bar,4,0.05222,0.08710,1
8192,1280,8,gpu,10,proto_triton_parbar,3,0.02765,0.10037,1
8192,1280,8,gpu,11,nccl,3,0.03174,0.14692,1
8192,1280,8,gpu,11,flux_default,1,0.10931,0.08445,1
8192,1280,8,gpu,11,proto_triton,2,0.01434,0.05855,1
8192,1280,8,gpu,11,proto_triton_bar,4,0.05120,0.07894,1
8192,1280,8,gpu,11,proto_triton_parbar,0,0.03482,0.08102,1
8192,1280,8,gpu,12,nccl,3,0.02867,0.04636,1
8192,1280,8,gpu,12,flux_default,1,0.10576,0.07358,1
8192,1280,8,gpu,12,proto_triton,4,0.01434,0.04653,1
8192,1280,8,gpu,12,proto_triton_bar,2,0.05120,0.08449,1
8192,1280,8,gpu,12,proto_triton_parbar,0,0.02355,0.08149,1
8192,1280,8,gpu,13,nccl,0,0.02867,0.04756,1
8192,1280,8,gpu,13,flux_default,4,0.10883,0.07950,1
8192,1280,8,gpu,13,proto_triton,3,0.01946,0.03990,1
8192,1280,8,gpu,13,proto_triton_bar,1,0.05222,0.07916,1
8192,1280,8,gpu,13,proto_triton_parbar,2,0.02867,0.08557,1
8192,1280,8,gpu,14,nccl,4,0.03482,0.06711,1
8192,1280,8,gpu,14,flux_default,2,0.10362,0.07374,1
8192,1280,8,gpu,14,proto_triton,0,0.01638,0.05337,1
8192,1280,8,gpu,14,proto_triton_bar,1,0.05222,0.07166,1
8192,1280,8,gpu,14,proto_triton_parbar,3,0.02560,0.07616,1
8192,1280,8,gpu,15,nccl,1,0.03482,0.04470,1
8192,1280,8,gpu,15,flux_default,2,0.10406,0.07382,1
8192,1280,8,gpu,15,proto_triton,3,0.01741,0.06048,1
8192,1280,8,gpu,15,proto_triton_bar,0,0.05325,0.07844,1
8192,1280,8,gpu,15,proto_triton_parbar,4,0.02765,0.07101,1
8192,1280,8,gpu,16,nccl,4,0.03072,0.07760,1
8192,1280,8,gpu,16,flux_default,3,0.10746,0.07957,1
8192,1280,8,gpu,16,proto_triton,2,0.01434,0.03905,1
8192,1280,8,gpu,16,proto_triton_bar,0,0.05120,0.07636,1
8192,1280,8,gpu,16,proto_triton_parbar,1,0.02560,0.06719,1
8192,1280,8,gpu,17,nccl,4,0.03482,0.05992,1
8192,1280,8,gpu,17,flux_default,2,0.10509,0.07223,1
8192,1280,8,gpu,17,proto_triton,1,0.01331,0.05203,1
8192,1280,8,gpu,17,proto_triton_bar,3,0.05120,0.07621,1
8192,1280,8,gpu,17,proto_triton_parbar,0,0.02662,0.07787,1
8192,1280,8,gpu,18,nccl,2,0.03584,0.04429,1
8192,1280,8,gpu,18,flux_default,1,0.10592,0.07634,1
8192,1280,8,gpu,18,proto_triton,0,0.01331,0.04922,1
8192,1280,8,gpu,18,proto_triton_bar,3,0.05222,0.07831,1
8192,1280,8,gpu,18,proto_triton_parbar,4,0.03379,0.08191,1
8192,1280,8,gpu,19,nccl,3,0.03277,0.32532,1
8192,1280,8,gpu,19,flux_default,1,0.10131,0.07430,1
8192,1280,8,gpu,19,proto_triton,4,0.01536,0.05534,1
8192,1280,8,gpu,19,proto_triton_bar,0,0.05325,0.08906,1
8192,1280,8,gpu,19,proto_triton_parbar,2,0.03072,0.08349,1
8192,1280,8,gpu,20,nccl,2,0.03482,0.06852,1
8192,1280,8,gpu,20,flux_default,0,0.10355,0.07289,1
8192,1280,8,gpu,20,proto_triton,4,0.01741,0.04087,1
8192,1280,8,gpu,20,proto_triton_bar,1,0.05018,0.07748,1
8192,1280,8,gpu,20,proto_triton_parbar,3,0.02458,0.08999,1
8192,1280,8,gpu,21,nccl,3,0.03174,0.04562,1
8192,1280,8,gpu,21,flux_default,2,0.10950,0.08207,1
8192,1280,8,gpu,21,proto_triton,4,0.01638,0.04714,1
8192,1280,8,gpu,21,proto_triton_bar,1,0.05018,0.06775,1
8192,1280,8,gpu,21,proto_triton_parbar,0,0.02765,0.07637,1
8192,1280,8,gpu,22,nccl,1,0.03789,0.05977,1
8192,1280,8,gpu,22,flux_default,3,0.10813,0.07358,1
8192,1280,8,gpu,22,proto_triton,4,0.01536,0.04821,1
8192,1280,8,gpu,22,proto_triton_bar,2,0.05325,0.08981,1
8192,1280,8,gpu,22,proto_triton_parbar,0,0.02560,0.07667,1
8192,1280,8,gpu,23,nccl,4,0.03379,0.55522,1
8192,1280,8,gpu,23,flux_default,2,0.11066,0.07847,1
8192,1280,8,gpu,23,proto_triton,0,0.01331,0.04529,1
8192,1280,8,gpu,23,proto_triton_bar,1,0.04915,0.07400,1
8192,1280,8,gpu,23,proto_triton_parbar,3,0.03379,0.07505,1
8192,1280,8,gpu,24,nccl,1,0.03584,0.04442,1
8192,1280,8,gpu,24,flux_default,0,0.11014,0.07296,1
8192,1280,8,gpu,24,proto_triton,2,0.01536,0.05752,1
8192,1280,8,gpu,24,proto_triton_bar,4,0.05120,0.06800,1
8192,1280,8,gpu,24,proto_triton_parbar,3,0.02970,0.07763,1
8192,1280,8,gpu,25,nccl,3,0.03584,0.06425,1
8192,1280,8,gpu,25,flux_default,2,0.10819,0.07231,1
8192,1280,8,gpu,25,proto_triton,4,0.01741,0.05549,1
8192,1280,8,gpu,25,proto_triton_bar,1,0.05632,0.06865,1
8192,1280,8,gpu,25,proto_triton_parbar,0,0.03174,0.07589,1
8192,1280,8,gpu,26,nccl,3,0.03584,0.06098,1
8192,1280,8,gpu,26,flux_default,1,0.11664,0.09249,1
8192,1280,8,gpu,26,proto_triton,0,0.02355,0.04687,1
8192,1280,8,gpu,26,proto_triton_bar,4,0.05427,0.07346,1
8192,1280,8,gpu,26,proto_triton_parbar,2,0.03379,0.08175,1
8192,1280,8,gpu,27,nccl,4,0.03584,0.05583,1
8192,1280,8,gpu,27,flux_default,2,0.10816,0.07339,1
8192,1280,8,gpu,27,proto_triton,0,0.01843,0.05251,1
8192,1280,8,gpu,27,proto_triton_bar,1,0.05530,0.06996,1
8192,1280,8,gpu,27,proto_triton_parbar,3,0.03174,0.08697,1
8192,1280,8,gpu,28,nccl,2,0.03584,0.05899,1
8192,1280,8,gpu,28,flux_default,3,0.11117,0.07928,1
8192,1280,8,gpu,28,proto_triton,1,0.01843,0.03862,1
8192,1280,8,gpu,28,proto_triton_bar,0,0.05325,0.10196,1
8192,1280,8,gpu,28,proto_triton_parbar,4,0.02867,0.07819,1
8192,1280,8,gpu,29,nccl,3,0.03789,0.06451,1
8192,1280,8,gpu,29,flux_default,1,0.10906,0.07727,1
8192,1280,8,gpu,29,proto_triton,2,0.01536,0.04458,1
8192,1280,8,gpu,29,proto_triton_bar,0,0.05325,0.07583,1
8192,1280,8,gpu,29,proto_triton_parbar,4,0.02560,0.08304,1
8192,1280,64,gpu,0,nccl,4,0.04710,0.07779,1
8192,1280,64,gpu,0,flux_default,1,0.11517,0.09090,1
8192,1280,64,gpu,0,proto_triton,0,0.03789,0.06737,1
8192,1280,64,gpu,0,proto_triton_bar,3,0.07270,0.08660,1
8192,1280,64,gpu,0,proto_triton_parbar,2,0.04915,0.09657,1
8192,1280,64,gpu,1,nccl,2,0.04813,0.06510,1
8192,1280,64,gpu,1,flux_default,1,0.11446,0.08360,1
8192,1280,64,gpu,1,proto_triton,4,0.03379,0.04808,1
8192,1280,64,gpu,1,proto_triton_bar,0,0.05632,0.09641,1
8192,1280,64,gpu,1,proto_triton_parbar,3,0.05018,0.10243,1
8192,1280,64,gpu,2,nccl,2,0.04915,0.07330,1
8192,1280,64,gpu,2,flux_default,0,0.12378,0.08491,1
8192,1280,64,gpu,2,proto_triton,1,0.03174,0.05655,1
8192,1280,64,gpu,2,proto_triton_bar,3,0.06861,0.09423,1
8192,1280,64,gpu,2,proto_triton_parbar,4,0.03072,0.09572,1
8192,1280,64,gpu,3,nccl,0,0.05939,0.06075,1
8192,1280,64,gpu,3,flux_default,2,0.11453,0.08448,1
8192,1280,64,gpu,3,proto_triton,1,0.03789,0.06543,1
8192,1280,64,gpu,3,proto_triton_bar,3,0.06861,0.09480,1
8192,1280,64,gpu,3,proto_triton_parbar,4,0.02970,0.08278,1
8192,1280,64,gpu,4,nccl,4,0.04710,0.05927,1
8192,1280,64,gpu,4,flux_default,1,0.12083,0.08617,1
8192,1280,64,gpu,4,proto_triton,3,0.04096,0.05461,1
8192,1280,64,gpu,4,proto_triton_bar,2,0.07168,0.09240,1
8192,1280,64,gpu,4,proto_triton_parbar,0,0.04710,0.08724,1
8192,1280,64,gpu,5,nccl,1,0.03994,0.06997,1
8192,1280,64,gpu,5,flux_default,4,0.11843,0.08946,1
8192,1280,64,gpu,5,proto_triton,2,0.01946,0.04938,1
8192,1280,64,gpu,5,proto_triton_bar,0,0.06349,0.09099,1
8192,1280,64,gpu,5,proto_triton_parbar,3,0.03482,0.08583,1
8192,1280,64,gpu,6,nccl,4,0.04710,0.06160,1
8192,1280,64,gpu,6,flux_default,1,0.11965,0.07781,1
8192,1280,64,gpu,6,proto_triton,0,0.03686,0.05415,1
8192,1280,64,gpu,6,proto_triton_bar,3,0.06758,0.07846,1
8192,1280,64,gpu,6,proto_triton_parbar,2,0.04301,0.09544,1
8192,1280,64,gpu,7,nccl,1,0.06144,0.06590,1
8192,1280,64,gpu,7,flux_default,3,0.11424,0.07754,1
8192,1280,64,gpu,7,proto_triton,0,0.03277,0.05244,1
8192,1280,64,gpu,7,proto_triton_bar,4,0.06554,0.09703,1
8192,1280,64,gpu,7,proto_triton_parbar,2,0.04710,0.08357,1
8192,1280,64,gpu,8,nccl,0,0.04710,0.06602,1
8192,1280,64,gpu,8,flux_default,4,0.12355,0.07620,1
8192,1280,64,gpu,8,proto_triton,2,0.03584,0.04082,1
8192,1280,64,gpu,8,proto_triton_bar,1,0.07168,0.08450,1
8192,1280,64,gpu,8,proto_triton_parbar,3,0.04915,0.07554,1
8192,1280,64,gpu,9,nccl,0,0.04813,0.07773,1
8192,1280,64,gpu,9,flux_default,1,0.12483,0.08265,1
8192,1280,64,gpu,9,proto_triton,2,0.03174,0.05063,1
8192,1280,64,gpu,9,proto_triton_bar,3,0.06451,0.07768,1
8192,1280,64,gpu,9,proto_triton_parbar,4,0.04813,0.07129,1
8192,1280,64,gpu,10,nccl,2,0.05018,0.04827,1
8192,1280,64,gpu,10,flux_default,4,0.11859,0.08178,1
8192,1280,64,gpu,10,proto_triton,1,0.03482,0.03925,1
8192,1280,64,gpu,10,proto_triton_bar,0,0.07782,0.07873,1
8192,1280,64,gpu,10,proto_triton_parbar,3,0.04506,0.07744,1
8192,1280,64,gpu,11,nccl,1,0.06451,0.07101,1
8192,1280,64,gpu,11,flux_default,2,0.12259,0.07325,1
8192,1280,64,gpu,11,proto_triton,4,0.03174,0.04006,1
8192,1280,64,gpu,11,proto_triton_bar,3,0.07987,0.07942,1
8192,1280,64,gpu,11,proto_triton_parbar,0,0.04403,0.07838,1
8192,1280,64,gpu,12,nccl,3,0.04813,0.06289,1
8192,1280,64,gpu,12,flux_default,2,0.11530,0.07768,1
8192,1280,64,gpu,12,proto_triton,4,0.03584,0.04770,1
8192,1280,64,gpu,12,proto_triton_bar,0,0.06554,0.07696,1
8192,1280,64,gpu,12,proto_triton_parbar,1,0.04403,0.06749,1
8192,1280,64,gpu,13,nccl,4,0.04813,0.05739,1
8192,1280,64,gpu,13,flux_default,1,0.12179,0.07415,1
8192,1280,64,gpu,13,proto_triton,3,0.03072,0.03980,1
8192,1280,64,gpu,13,proto_triton_bar,0,0.06861,0.07637,1
8192,1280,64,gpu,13,proto_triton_parbar,2,0.03072,0.07425,1
8192,1280,64,gpu,14,nccl,2,0.04710,0.04925,1
8192,1280,64,gpu,14,flux_default,4,0.11194,0.08256,1
8192,1280,64,gpu,14,proto_triton,3,0.03174,0.04669,1
8192,1280,64,gpu,14,proto_triton_bar,0,0.06656,0.07752,1
8192,1280,64,gpu,14,proto_triton_parbar,1,0.04506,0.06737,1
8192,1280,64,gpu,15,nccl,1,0.05837,0.04624,1
8192,1280,64,gpu,15,flux_default,0,0.11546,0.07524,1
8192,1280,64,gpu,15,proto_triton,2,0.04096,0.05314,1
8192,1280,64,gpu,15,proto_triton_bar,3,0.07270,0.07369,1
8192,1280,64,gpu,15,proto_triton_parbar,4,0.04710,0.07602,1
8192,1280,64,gpu,16,nccl,3,0.05632,0.06242,1
8192,1280,64,gpu,16,flux_default,2,0.11395,0.07939,1
8192,1280,64,gpu,16,proto_triton,0,0.03277,0.05692,1
8192,1280,64,gpu,16,proto_triton_bar,1,0.07782,0.06945,1
8192,1280,64,gpu,16,proto_triton_parbar,4,0.04608,0.07631,1
8192,1280,64,gpu,17,nccl,4,0.05018,0.06733,1
8192,1280,64,gpu,17,flux_default,1,0.12186,0.07466,1
8192,1280,64,gpu,17,proto_triton,2,0.03174,0.05356,1
8192,1280,64,gpu,17,proto_triton_bar,3,0.06554,0.07065,1
8192,1280,64,gpu,17,proto_triton_parbar,0,0.04198,0.07538,1
8192,1280,64,gpu,18,nccl,4,0.04915,0.04551,1
8192,1280,64,gpu,18,flux_default,2,0.11642,0.07245,1
8192,1280,64,gpu,18,proto_triton,3,0.03174,0.04417,1
8192,1280,64,gpu,18,proto_triton_bar,1,0.07168,0.06646,1
8192,1280,64,gpu,18,proto_triton_parbar,0,0.03482,0.07617,1
8192,1280,64,gpu,19,nccl,1,0.05120,0.06359,1
8192,1280,64,gpu,19,flux_default,0,0.12173,0.08495,1
8192,1280,64,gpu,19,proto_triton,3,0.03379,0.03896,1
8192,1280,64,gpu,19,proto_triton_bar,2,0.07680,0.07757,1
8192,1280,64,gpu,19,proto_triton_parbar,4,0.04813,0.06690,1
8192,1280,64,gpu,20,nccl,1,0.04915,0.04767,1
8192,1280,64,gpu,20,flux_default,3,0.12234,0.08608,1
8192,1280,64,gpu,20,proto_triton,2,0.03379,0.04344,1
8192,1280,64,gpu,20,proto_triton_bar,0,0.07578,0.07349,1
8192,1280,64,gpu,20,proto_triton_parbar,4,0.05427,0.07644,1
8192,1280,64,gpu,21,nccl,2,0.04710,0.07053,1
8192,1280,64,gpu,21,flux_default,4,0.11907,0.07464,1
8192,1280,64,gpu,21,proto_triton,1,0.03174,0.03776,1
8192,1280,64,gpu,21,proto_triton_bar,0,0.06554,0.07449,1
8192,1280,64,gpu,21,proto_triton_parbar,3,0.04301,0.07354,1
8192,1280,64,gpu,22,nccl,3,0.05632,0.06134,1
8192,1280,64,gpu,22,flux_default,0,0.10678,0.07137,1
8192,1280,64,gpu,22,proto_triton,2,0.03277,0.04193,1
8192,1280,64,gpu,22,proto_triton_bar,4,0.06451,0.07436,1
8192,1280,64,gpu,22,proto_triton_parbar,1,0.04403,0.08683,1
8192,1280,64,gpu,23,nccl,2,0.04301,0.06137,1
8192,1280,64,gpu,23,flux_default,0,0.11280,0.07452,1
8192,1280,64,gpu,23,proto_triton,1,0.03686,0.04718,1
8192,1280,64,gpu,23,proto_triton_bar,4,0.06963,0.07636,1
8192,1280,64,gpu,23,proto_triton_parbar,3,0.04710,0.07453,1
8192,1280,64,gpu,24,nccl,3,0.04813,0.04665,1
8192,1280,64,gpu,24,flux_default,4,0.11917,0.07616,1
8192,1280,64,gpu,24,proto_triton,0,0.03174,0.05889,1
8192,1280,64,gpu,24,proto_triton_bar,2,0.07066,0.06721,1
8192,1280,64,gpu,24,proto_triton_parbar,1,0.04198,0.07375,1
8192,1280,64,gpu,25,nccl,0,0.05222,0.06000,1
8192,1280,64,gpu,25,flux_default,2,0.11600,0.08567,1
8192,1280,64,gpu,25,proto_triton,4,0.04096,0.03950,1
8192,1280,64,gpu,25,proto_triton_bar,3,0.06656,0.07644,1
8192,1280,64,gpu,25,proto_triton_parbar,1,0.04403,0.08080,1
8192,1280,64,gpu,26,nccl,0,0.04608,0.05837,1
8192,1280,64,gpu,26,flux_default,4,0.11120,0.07480,1
8192,1280,64,gpu,26,proto_triton,3,0.03174,0.03722,1
8192,1280,64,gpu,26,proto_triton_bar,2,0.06554,0.06618,1
8192,1280,64,gpu,26,proto_triton_parbar,1,0.03072,0.07852,1
8192,1280,64,gpu,27,nccl,1,0.04710,0.05823,1
8192,1280,64,gpu,27,flux_default,3,0.10915,0.07308,1
8192,1280,64,gpu,27,proto_triton,2,0.04096,0.04663,1
8192,1280,64,gpu,27,proto_triton_bar,0,0.06451,0.07738,1
8192,1280,64,gpu,27,proto_triton_parbar,4,0.04710,0.07520,1
8192,1280,64,gpu,28,nccl,1,0.05018,0.06314,1
8192,1280,64,gpu,28,flux_default,3,0.11462,0.08032,1
8192,1280,64,gpu,28,proto_triton,4,0.04198,0.04625,1
8192,1280,64,gpu,28,proto_triton_bar,2,0.06451,0.07343,1
8192,1280,64,gpu,28,proto_triton_parbar,0,0.04403,0.07438,1
8192,1280,64,gpu,29,nccl,0,0.04915,0.35513,1
8192,1280,64,gpu,29,flux_default,4,0.11363,0.07251,1
8192,1280,64,gpu,29,proto_triton,1,0.03174,0.04746,1
8192,1280,64,gpu,29,proto_triton_bar,2,0.06554,0.06946,1
8192,1280,64,gpu,29,proto_triton_parbar,3,0.04506,0.06917,1
