axis,mode,side,eps,regret_hyb,probes,n_points
A,gpu,ag,0.0,0.02320,0,32
A,gpu,ag,0.02,0.02320,0,32
A,gpu,ag,0.05,0.00250,2,32
A,gpu,ag,0.08,0.00250,4,32
A,gpu,ag,0.1,0.00250,5,32
A,gpu,ag,0.15,0.00250,13,32
A,gpu,ag,0.2,0.00250,17,32
A,gpu,ag,0.3,0.00250,22,32
A,gpu,rs,0.0,0.00314,0,32
A,gpu,rs,0.02,0.00056,3,32
A,gpu,rs,0.05,0.00043,4,32
A,gpu,rs,0.08,0.00013,6,32
A,gpu,rs,0.1,0.00000,9,32
A,gpu,rs,0.15,0.00000,11,32
A,gpu,rs,0.2,0.00000,17,32
A,gpu,rs,0.3,0.00000,24,32
B,gpu,ag,0.0,0.01395,0,40
B,gpu,ag,0.02,0.01368,1,40
B,gpu,ag,0.05,0.01368,1,40
B,gpu,ag,0.08,0.01350,4,40
B,gpu,ag,0.1,0.01350,7,40
B,gpu,ag,0.15,0.00131,13,40
B,gpu,ag,0.2,0.00131,15,40
B,gpu,ag,0.3,0.00131,19,40
B,gpu,rs,0.0,0.00029,0,40
B,gpu,rs,0.02,0.00029,1,40
B,gpu,rs,0.05,0.00000,3,40
B,gpu,rs,0.08,0.00000,5,40
B,gpu,rs,0.1,0.00000,6,40
B,gpu,rs,0.15,0.00000,10,40
B,gpu,rs,0.2,0.00000,13,40
B,gpu,rs,0.3,0.00000,30,40
B',gpu,ag,0.0,0.02293,0,40
B',gpu,ag,0.02,0.02179,2,40
B',gpu,ag,0.05,0.01012,7,40
B',gpu,ag,0.08,0.01012,9,40
B',gpu,ag,0.1,0.01012,11,40
B',gpu,ag,0.15,0.00792,16,40
B',gpu,ag,0.2,0.00792,26,40
B',gpu,ag,0.3,0.00112,31,40
B',gpu,rs,0.0,0.00129,0,40
B',gpu,rs,0.02,0.00129,1,40
B',gpu,rs,0.05,0.00129,2,40
B',gpu,rs,0.08,0.00105,5,40
B',gpu,rs,0.1,0.00105,6,40
B',gpu,rs,0.15,0.00040,9,40
B',gpu,rs,0.2,0.00000,22,40
B',gpu,rs,0.3,0.00000,29,40
IN,gpu,ag,0.0,0.01882,0,80
IN,gpu,ag,0.02,0.01729,2,80
IN,gpu,ag,0.05,0.00917,8,80
IN,gpu,ag,0.08,0.00917,10,80
IN,gpu,ag,0.1,0.00917,12,80
IN,gpu,ag,0.15,0.00892,24,80
IN,gpu,ag,0.2,0.00014,41,80
IN,gpu,ag,0.3,0.00014,50,80
IN,gpu,rs,0.0,0.00119,0,80
IN,gpu,rs,0.02,0.00102,1,80
IN,gpu,rs,0.05,0.00031,7,80
IN,gpu,rs,0.08,0.00027,8,80
IN,gpu,rs,0.1,0.00004,13,80
IN,gpu,rs,0.15,0.00004,18,80
IN,gpu,rs,0.2,0.00000,35,80
IN,gpu,rs,0.3,0.00000,58,80
A,steady,ag,0.0,0.02088,0,32
A,steady,ag,0.02,0.02088,2,32
A,steady,ag,0.05,0.00000,4,32
A,steady,ag,0.08,0.00000,4,32
A,steady,ag,0.1,0.00000,6,32
A,steady,ag,0.15,0.00000,12,32
A,steady,ag,0.2,0.00000,15,32
A,steady,ag,0.3,0.00000,18,32
A,steady,rs,0.0,0.00337,0,32
A,steady,rs,0.02,0.00337,2,32
A,steady,rs,0.05,0.00332,4,32
A,steady,rs,0.08,0.00315,6,32
A,steady,rs,0.1,0.00078,10,32
A,steady,rs,0.15,0.00078,11,32
A,steady,rs,0.2,0.00018,18,32
A,steady,rs,0.3,0.00000,22,32
B,steady,ag,0.0,0.01581,0,40
B,steady,ag,0.02,0.01581,2,40
B,steady,ag,0.05,0.01581,3,40
B,steady,ag,0.08,0.01581,4,40
B,steady,ag,0.1,0.01581,9,40
B,steady,ag,0.15,0.00235,12,40
B,steady,ag,0.2,0.00235,13,40
B,steady,ag,0.3,0.00235,16,40
B,steady,rs,0.0,0.00122,0,40
B,steady,rs,0.02,0.00122,2,40
B,steady,rs,0.05,0.00122,2,40
B,steady,rs,0.08,0.00122,5,40
B,steady,rs,0.1,0.00115,6,40
B,steady,rs,0.15,0.00115,6,40
B,steady,rs,0.2,0.00115,10,40
B,steady,rs,0.3,0.00087,22,40
B',steady,ag,0.0,0.01954,0,40
B',steady,ag,0.02,0.01701,4,40
B',steady,ag,0.05,0.00785,6,40
B',steady,ag,0.08,0.00785,8,40
B',steady,ag,0.1,0.00611,10,40
B',steady,ag,0.15,0.00611,13,40
B',steady,ag,0.2,0.00611,23,40
B',steady,ag,0.3,0.00611,27,40
B',steady,rs,0.0,0.00140,0,40
B',steady,rs,0.02,0.00047,3,40
B',steady,rs,0.05,0.00023,5,40
B',steady,rs,0.08,0.00023,6,40
B',steady,rs,0.1,0.00023,6,40
B',steady,rs,0.15,0.00000,11,40
B',steady,rs,0.2,0.00000,20,40
B',steady,rs,0.3,0.00000,27,40
IN,steady,ag,0.0,0.01846,0,80
IN,steady,ag,0.02,0.01689,5,80
IN,steady,ag,0.05,0.00879,10,80
IN,steady,ag,0.08,0.00879,10,80
IN,steady,ag,0.1,0.00879,13,80
IN,steady,ag,0.15,0.00846,24,80
IN,steady,ag,0.2,0.00846,36,80
IN,steady,ag,0.3,0.00846,42,80
IN,steady,rs,0.0,0.00135,0,80
IN,steady,rs,0.02,0.00115,5,80
IN,steady,rs,0.05,0.00051,7,80
IN,steady,rs,0.08,0.00047,12,80
IN,steady,rs,0.1,0.00047,12,80
IN,steady,rs,0.15,0.00027,19,80
IN,steady,rs,0.2,0.00027,30,80
IN,steady,rs,0.3,0.00021,44,80
D,gpu->steady,ag,0.0,0.01741,0,80
D,gpu->steady,ag,0.02,0.01676,2,80
D,gpu->steady,ag,0.05,0.00927,8,80
D,gpu->steady,ag,0.08,0.00927,10,80
D,gpu->steady,ag,0.1,0.00927,12,80
D,gpu->steady,ag,0.15,0.00894,24,80
D,gpu->steady,ag,0.2,0.00078,41,80
D,gpu->steady,ag,0.3,0.00078,50,80
D,gpu->steady,rs,0.0,0.00147,0,80
D,gpu->steady,rs,0.02,0.00136,1,80
D,gpu->steady,rs,0.05,0.00050,7,80
D,gpu->steady,rs,0.08,0.00044,8,80
D,gpu->steady,rs,0.1,0.00023,13,80
D,gpu->steady,rs,0.15,0.00023,18,80
D,gpu->steady,rs,0.2,0.00017,35,80
D,gpu->steady,rs,0.3,0.00000,58,80
D',steady->gpu,ag,0.0,0.02037,0,80
D',steady->gpu,ag,0.02,0.01867,5,80
D',steady->gpu,ag,0.05,0.00925,10,80
D',steady->gpu,ag,0.08,0.00925,10,80
D',steady->gpu,ag,0.1,0.00925,13,80
D',steady->gpu,ag,0.15,0.00900,24,80
D',steady->gpu,ag,0.2,0.00900,36,80
D',steady->gpu,ag,0.3,0.00900,42,80
D',steady->gpu,rs,0.0,0.00109,0,80
D',steady->gpu,rs,0.02,0.00070,5,80
D',steady->gpu,rs,0.05,0.00008,7,80
D',steady->gpu,rs,0.08,0.00008,12,80
D',steady->gpu,rs,0.1,0.00008,12,80
D',steady->gpu,rs,0.15,0.00000,19,80
D',steady->gpu,rs,0.2,0.00000,30,80
D',steady->gpu,rs,0.3,0.00000,44,80
