layer,N,K,M,mode,round,item,order_pos,rank_max_ms,rank_min_ms,rank0_ms,cpu_launch_rank_max_ms,min_sm_clock_mhz,kept
L-O,8192,8192,8,gpu,0,A_fused,0,0.60928,0.38400,0.60928,0.09197,0,1
L-O,8192,8192,8,gpu,0,B_nccl_cublas,6,0.05427,0.05222,0.05427,0.48532,0,1
L-O,8192,8192,8,gpu,0,E_allreduce,1,0.07680,0.06963,0.07475,0.10935,0,1
L-O,8192,8192,8,gpu,0,c_cublas,2,0.02662,0.02458,0.02560,0.03218,0,1
L-O,8192,8192,8,gpu,0,c_nccl_rs,4,0.04198,0.03277,0.03994,0.08039,0,1
L-O,8192,8192,8,gpu,0,c_nccl_ar,5,0.05018,0.04198,0.04198,0.05975,0,1
L-O,8192,8192,8,gpu,0,c_fluxgemm,3,0.03891,0.03789,0.03789,0.02723,0,1
L-O,8192,8192,8,gpu,1,A_fused,2,0.07270,0.06758,0.07168,0.08803,0,1
L-O,8192,8192,8,gpu,1,B_nccl_cublas,0,0.05632,0.04915,0.05120,0.09384,0,1
L-O,8192,8192,8,gpu,1,E_allreduce,3,0.07578,0.07168,0.07168,0.10505,0,1
L-O,8192,8192,8,gpu,1,c_cublas,4,0.02662,0.02560,0.02560,0.03254,0,1
L-O,8192,8192,8,gpu,1,c_nccl_rs,5,0.04198,0.02867,0.04198,0.05993,0,1
L-O,8192,8192,8,gpu,1,c_nccl_ar,1,0.04403,0.04198,0.04403,0.04525,0,1
L-O,8192,8192,8,gpu,1,c_fluxgemm,6,0.03891,0.03789,0.03891,0.02633,0,1
L-O,8192,8192,8,gpu,2,A_fused,6,0.06963,0.06758,0.06861,0.07252,0,1
L-O,8192,8192,8,gpu,2,B_nccl_cublas,1,0.05939,0.05120,0.05530,0.10788,0,1
L-O,8192,8192,8,gpu,2,E_allreduce,2,0.06758,0.06246,0.06656,0.08369,0,1
L-O,8192,8192,8,gpu,2,c_cublas,5,0.02765,0.02662,0.02662,0.04177,0,1
L-O,8192,8192,8,gpu,2,c_nccl_rs,0,0.03072,0.02867,0.03072,0.06486,0,1
L-O,8192,8192,8,gpu,2,c_nccl_ar,3,0.04403,0.04198,0.04403,0.05874,0,1
L-O,8192,8192,8,gpu,2,c_fluxgemm,4,0.03789,0.03584,0.03686,0.02598,0,1
L-O,8192,8192,8,gpu,3,A_fused,4,0.06963,0.06758,0.06758,0.06901,0,1
L-O,8192,8192,8,gpu,3,B_nccl_cublas,0,0.05939,0.05120,0.05325,0.10655,0,1
L-O,8192,8192,8,gpu,3,E_allreduce,6,0.07168,0.06656,0.07168,0.09881,0,1
L-O,8192,8192,8,gpu,3,c_cublas,2,0.02662,0.02560,0.02560,0.03588,0,1
L-O,8192,8192,8,gpu,3,c_nccl_rs,1,0.04403,0.03174,0.04403,0.05828,0,1
L-O,8192,8192,8,gpu,3,c_nccl_ar,5,0.05018,0.04813,0.05018,0.07773,0,1
L-O,8192,8192,8,gpu,3,c_fluxgemm,3,0.03891,0.03789,0.03891,0.02556,0,1
L-O,8192,8192,8,gpu,4,A_fused,2,0.07168,0.06656,0.07168,0.07116,0,1
L-O,8192,8192,8,gpu,4,B_nccl_cublas,0,0.05632,0.05018,0.05632,0.09161,0,1
L-O,8192,8192,8,gpu,4,E_allreduce,6,0.07373,0.06656,0.07373,0.08924,0,1
L-O,8192,8192,8,gpu,4,c_cublas,1,0.02765,0.02662,0.02662,0.03252,0,1
L-O,8192,8192,8,gpu,4,c_nccl_rs,3,0.03584,0.03072,0.03482,0.04712,0,1
L-O,8192,8192,8,gpu,4,c_nccl_ar,5,0.05222,0.04915,0.05018,0.06756,0,1
L-O,8192,8192,8,gpu,4,c_fluxgemm,4,0.03789,0.03686,0.03686,0.03327,0,1
L-O,8192,8192,8,gpu,5,A_fused,0,0.06963,0.06861,0.06963,0.08102,0,1
L-O,8192,8192,8,gpu,5,B_nccl_cublas,6,0.05939,0.05222,0.05939,0.09926,0,1
L-O,8192,8192,8,gpu,5,E_allreduce,5,0.06554,0.06349,0.06554,0.10052,0,1
L-O,8192,8192,8,gpu,5,c_cublas,1,0.02662,0.02560,0.02560,0.03492,0,1
L-O,8192,8192,8,gpu,5,c_nccl_rs,4,0.03174,0.02867,0.03072,0.06237,0,1
L-O,8192,8192,8,gpu,5,c_nccl_ar,3,0.05120,0.04710,0.05120,0.04578,0,1
L-O,8192,8192,8,gpu,5,c_fluxgemm,2,0.03789,0.03584,0.03789,0.02516,0,1
L-O,8192,8192,8,gpu,6,A_fused,1,0.07066,0.06758,0.06963,0.07810,0,1
L-O,8192,8192,8,gpu,6,B_nccl_cublas,0,0.05837,0.05018,0.05734,0.09286,0,1
L-O,8192,8192,8,gpu,6,E_allreduce,5,0.07066,0.06656,0.06963,0.09932,0,1
L-O,8192,8192,8,gpu,6,c_cublas,3,0.02662,0.02560,0.02662,0.03618,0,1
L-O,8192,8192,8,gpu,6,c_nccl_rs,2,0.03482,0.02867,0.03174,0.06494,0,1
L-O,8192,8192,8,gpu,6,c_nccl_ar,4,0.05632,0.04403,0.05325,0.04615,0,1
L-O,8192,8192,8,gpu,6,c_fluxgemm,6,0.03789,0.03686,0.03789,0.02511,0,1
L-O,8192,8192,8,gpu,7,A_fused,3,0.07066,0.06758,0.07066,0.07245,0,1
L-O,8192,8192,8,gpu,7,B_nccl_cublas,1,0.06144,0.04915,0.06144,0.11018,0,1
L-O,8192,8192,8,gpu,7,E_allreduce,5,0.07373,0.06861,0.07066,0.11383,0,1
L-O,8192,8192,8,gpu,7,c_cublas,2,0.02662,0.02458,0.02662,0.03355,0,1
L-O,8192,8192,8,gpu,7,c_nccl_rs,6,0.03379,0.02765,0.03072,0.06173,0,1
L-O,8192,8192,8,gpu,7,c_nccl_ar,4,0.04710,0.04301,0.04301,0.04624,0,1
L-O,8192,8192,8,gpu,7,c_fluxgemm,0,0.03891,0.03686,0.03789,0.02454,0,1
L-O,8192,8192,8,gpu,8,A_fused,1,0.07066,0.06656,0.07066,0.07811,0,1
L-O,8192,8192,8,gpu,8,B_nccl_cublas,6,0.06042,0.05530,0.06042,0.09007,0,1
L-O,8192,8192,8,gpu,8,E_allreduce,5,0.06963,0.06656,0.06861,0.09752,0,1
L-O,8192,8192,8,gpu,8,c_cublas,4,0.02662,0.02458,0.02560,0.03683,0,1
L-O,8192,8192,8,gpu,8,c_nccl_rs,3,0.03379,0.02867,0.03379,0.04722,0,1
L-O,8192,8192,8,gpu,8,c_nccl_ar,2,0.04710,0.04301,0.04403,0.06229,0,1
L-O,8192,8192,8,gpu,8,c_fluxgemm,0,0.03789,0.03584,0.03789,0.02502,0,1
L-O,8192,8192,8,gpu,9,A_fused,6,0.07066,0.06758,0.07066,0.07290,0,1
L-O,8192,8192,8,gpu,9,B_nccl_cublas,2,0.05325,0.04915,0.05222,0.09226,0,1
L-O,8192,8192,8,gpu,9,E_allreduce,5,0.09523,0.07373,0.09523,0.10292,0,1
L-O,8192,8192,8,gpu,9,c_cublas,0,0.02560,0.02560,0.02560,0.03652,0,1
L-O,8192,8192,8,gpu,9,c_nccl_rs,1,0.03789,0.03277,0.03584,0.05256,0,1
L-O,8192,8192,8,gpu,9,c_nccl_ar,3,0.04096,0.03789,0.04096,0.04318,0,1
L-O,8192,8192,8,gpu,9,c_fluxgemm,4,0.03891,0.03789,0.03789,0.03149,0,1
L-O,8192,8192,8,gpu,10,A_fused,6,0.06963,0.06656,0.06861,0.08168,0,1
L-O,8192,8192,8,gpu,10,B_nccl_cublas,4,0.06349,0.05222,0.06246,0.10059,0,1
L-O,8192,8192,8,gpu,10,E_allreduce,2,0.07475,0.06758,0.07475,0.09426,0,1
L-O,8192,8192,8,gpu,10,c_cublas,1,0.02662,0.02560,0.02662,0.03683,0,1
L-O,8192,8192,8,gpu,10,c_nccl_rs,0,0.03686,0.02867,0.03277,0.08461,0,1
L-O,8192,8192,8,gpu,10,c_nccl_ar,5,0.05222,0.04608,0.05222,0.05818,0,1
L-O,8192,8192,8,gpu,10,c_fluxgemm,3,0.03789,0.03584,0.03789,0.02484,0,1
L-O,8192,8192,8,gpu,11,A_fused,2,0.07066,0.06861,0.07066,0.08664,0,1
L-O,8192,8192,8,gpu,11,B_nccl_cublas,1,0.06246,0.05120,0.05939,0.09549,0,1
L-O,8192,8192,8,gpu,11,E_allreduce,0,0.06656,0.06349,0.06554,0.11128,0,1
L-O,8192,8192,8,gpu,11,c_cublas,6,0.02765,0.02560,0.02560,0.03667,0,1
L-O,8192,8192,8,gpu,11,c_nccl_rs,3,0.03686,0.03277,0.03277,0.06205,0,1
L-O,8192,8192,8,gpu,11,c_nccl_ar,4,0.04403,0.04198,0.04403,0.05208,0,1
L-O,8192,8192,8,gpu,11,c_fluxgemm,5,0.03789,0.03686,0.03686,0.02462,0,1
L-O,8192,8192,8,gpu,12,A_fused,3,0.07270,0.06861,0.06861,0.06796,0,1
L-O,8192,8192,8,gpu,12,B_nccl_cublas,1,0.05427,0.04915,0.05427,0.08329,0,1
L-O,8192,8192,8,gpu,12,E_allreduce,6,0.07270,0.06861,0.07270,0.10859,0,1
L-O,8192,8192,8,gpu,12,c_cublas,0,0.02662,0.02560,0.02560,0.03536,0,1
L-O,8192,8192,8,gpu,12,c_nccl_rs,4,0.03379,0.02765,0.03277,0.04845,0,1
L-O,8192,8192,8,gpu,12,c_nccl_ar,5,0.05632,0.05325,0.05530,0.06388,0,1
L-O,8192,8192,8,gpu,12,c_fluxgemm,2,0.03789,0.03584,0.03686,0.02503,0,1
L-O,8192,8192,8,gpu,13,A_fused,3,0.07066,0.06861,0.07066,0.06980,0,1
L-O,8192,8192,8,gpu,13,B_nccl_cublas,0,0.05325,0.04915,0.05222,0.11005,0,1
L-O,8192,8192,8,gpu,13,E_allreduce,5,0.07782,0.07373,0.07373,0.09059,0,1
L-O,8192,8192,8,gpu,13,c_cublas,1,0.02560,0.02458,0.02560,0.03988,0,1
L-O,8192,8192,8,gpu,13,c_nccl_rs,2,0.03686,0.03072,0.03482,0.06387,0,1
L-O,8192,8192,8,gpu,13,c_nccl_ar,6,0.04710,0.04096,0.04710,0.05604,0,1
L-O,8192,8192,8,gpu,13,c_fluxgemm,4,0.03789,0.03686,0.03686,0.02334,0,1
L-O,8192,8192,8,gpu,14,A_fused,5,0.06758,0.06656,0.06758,0.07298,0,1
L-O,8192,8192,8,gpu,14,B_nccl_cublas,3,0.05632,0.05222,0.05632,0.10357,0,1
L-O,8192,8192,8,gpu,14,E_allreduce,6,0.07066,0.06758,0.07066,0.10547,0,1
L-O,8192,8192,8,gpu,14,c_cublas,4,0.02662,0.02560,0.02662,0.04432,0,1
L-O,8192,8192,8,gpu,14,c_nccl_rs,2,0.03584,0.02867,0.03072,0.06112,0,1
L-O,8192,8192,8,gpu,14,c_nccl_ar,1,0.04608,0.04198,0.04608,0.05917,0,1
L-O,8192,8192,8,gpu,14,c_fluxgemm,0,0.03789,0.03584,0.03686,0.02432,0,1
L-O,8192,8192,8,gpu,15,A_fused,5,0.07168,0.06861,0.06861,0.07223,0,1
L-O,8192,8192,8,gpu,15,B_nccl_cublas,2,0.06144,0.05222,0.05939,0.10518,0,1
L-O,8192,8192,8,gpu,15,E_allreduce,0,0.06656,0.06144,0.06349,0.12263,0,1
L-O,8192,8192,8,gpu,15,c_cublas,6,0.02662,0.02560,0.02560,0.03400,0,1
L-O,8192,8192,8,gpu,15,c_nccl_rs,3,0.03379,0.02765,0.03072,0.05803,0,1
L-O,8192,8192,8,gpu,15,c_nccl_ar,4,0.04813,0.04301,0.04608,0.04329,0,1
L-O,8192,8192,8,gpu,15,c_fluxgemm,1,0.03789,0.03686,0.03789,0.02527,0,1
L-O,8192,8192,8,gpu,16,A_fused,1,0.06963,0.06656,0.06963,0.06888,0,1
L-O,8192,8192,8,gpu,16,B_nccl_cublas,4,0.05530,0.05222,0.05427,0.09682,0,1
L-O,8192,8192,8,gpu,16,E_allreduce,3,0.06861,0.06554,0.06758,0.10806,0,1
L-O,8192,8192,8,gpu,16,c_cublas,6,0.02662,0.02560,0.02662,0.03488,0,1
L-O,8192,8192,8,gpu,16,c_nccl_rs,0,0.03379,0.02765,0.03072,0.05397,0,1
L-O,8192,8192,8,gpu,16,c_nccl_ar,2,0.05120,0.04096,0.04096,0.06171,0,1
L-O,8192,8192,8,gpu,16,c_fluxgemm,5,0.03891,0.03789,0.03789,0.02493,0,1
L-O,8192,8192,8,gpu,17,A_fused,4,0.06963,0.06656,0.06963,0.07335,0,1
L-O,8192,8192,8,gpu,17,B_nccl_cublas,0,0.05837,0.05427,0.05837,0.09794,0,1
L-O,8192,8192,8,gpu,17,E_allreduce,1,0.06758,0.06451,0.06758,0.09135,0,1
L-O,8192,8192,8,gpu,17,c_cublas,5,0.02662,0.02560,0.02560,0.04198,0,1
L-O,8192,8192,8,gpu,17,c_nccl_rs,2,0.03072,0.02867,0.02970,0.05429,0,1
L-O,8192,8192,8,gpu,17,c_nccl_ar,3,0.04710,0.04198,0.04710,0.04468,0,1
L-O,8192,8192,8,gpu,17,c_fluxgemm,6,0.03891,0.03789,0.03891,0.03130,0,1
L-O,8192,8192,8,gpu,18,A_fused,5,0.06963,0.06758,0.06861,0.07174,0,1
L-O,8192,8192,8,gpu,18,B_nccl_cublas,0,0.05632,0.04915,0.05530,0.09395,0,1
L-O,8192,8192,8,gpu,18,E_allreduce,6,0.07168,0.06656,0.07066,0.10461,0,1
L-O,8192,8192,8,gpu,18,c_cublas,2,0.02765,0.02560,0.02765,0.03639,0,1
L-O,8192,8192,8,gpu,18,c_nccl_rs,1,0.03482,0.02765,0.02867,0.05740,0,1
L-O,8192,8192,8,gpu,18,c_nccl_ar,4,0.05734,0.05222,0.05734,0.04553,0,1
L-O,8192,8192,8,gpu,18,c_fluxgemm,3,0.03686,0.03584,0.03686,0.02465,0,1
L-O,8192,8192,8,gpu,19,A_fused,4,0.06861,0.06656,0.06861,0.08243,0,1
L-O,8192,8192,8,gpu,19,B_nccl_cublas,5,0.05632,0.05222,0.05222,0.09545,0,1
L-O,8192,8192,8,gpu,19,E_allreduce,2,0.07475,0.06554,0.07475,0.09642,0,1
L-O,8192,8192,8,gpu,19,c_cublas,0,0.02765,0.02662,0.02662,0.03666,0,1
L-O,8192,8192,8,gpu,19,c_nccl_rs,6,0.03072,0.02765,0.02867,0.04510,0,1
L-O,8192,8192,8,gpu,19,c_nccl_ar,3,0.04608,0.04198,0.04198,0.05945,0,1
L-O,8192,8192,8,gpu,19,c_fluxgemm,1,0.03789,0.03686,0.03686,0.02473,0,1
L-O,8192,8192,8,gpu,20,A_fused,0,0.07270,0.06656,0.07270,0.07191,0,1
L-O,8192,8192,8,gpu,20,B_nccl_cublas,4,0.06246,0.05018,0.06246,0.08456,0,1
L-O,8192,8192,8,gpu,20,E_allreduce,5,0.06861,0.06656,0.06861,0.08210,0,1
L-O,8192,8192,8,gpu,20,c_cublas,3,0.02662,0.02560,0.02662,0.03715,0,1
L-O,8192,8192,8,gpu,20,c_nccl_rs,6,0.03174,0.02765,0.02970,0.04447,0,1
L-O,8192,8192,8,gpu,20,c_nccl_ar,1,0.05018,0.04301,0.04608,0.05644,0,1
L-O,8192,8192,8,gpu,20,c_fluxgemm,2,0.03891,0.03789,0.03789,0.02434,0,1
L-O,8192,8192,8,gpu,21,A_fused,2,0.06963,0.06758,0.06861,0.07507,0,1
L-O,8192,8192,8,gpu,21,B_nccl_cublas,6,0.06144,0.05325,0.05939,0.08460,0,1
L-O,8192,8192,8,gpu,21,E_allreduce,1,0.06758,0.06451,0.06758,0.08918,0,1
L-O,8192,8192,8,gpu,21,c_cublas,5,0.02662,0.02458,0.02458,0.03673,0,1
L-O,8192,8192,8,gpu,21,c_nccl_rs,0,0.03482,0.02867,0.03379,0.04772,0,1
L-O,8192,8192,8,gpu,21,c_nccl_ar,4,0.05120,0.04403,0.04710,0.04680,0,1
L-O,8192,8192,8,gpu,21,c_fluxgemm,3,0.03891,0.03584,0.03584,0.03316,0,1
L-O,8192,8192,8,gpu,22,A_fused,3,0.07168,0.06861,0.07066,0.07166,0,1
L-O,8192,8192,8,gpu,22,B_nccl_cublas,2,0.06246,0.05632,0.06042,0.09462,0,1
L-O,8192,8192,8,gpu,22,E_allreduce,1,0.06963,0.06554,0.06963,0.09128,0,1
L-O,8192,8192,8,gpu,22,c_cublas,6,0.02765,0.02458,0.02458,0.04432,0,1
L-O,8192,8192,8,gpu,22,c_nccl_rs,4,0.03584,0.02867,0.03482,0.04743,0,1
L-O,8192,8192,8,gpu,22,c_nccl_ar,5,0.04608,0.04198,0.04608,0.05831,0,1
L-O,8192,8192,8,gpu,22,c_fluxgemm,0,0.03789,0.03277,0.03277,0.02535,0,1
L-O,8192,8192,8,gpu,23,A_fused,1,0.07168,0.06758,0.06963,0.07162,0,1
L-O,8192,8192,8,gpu,23,B_nccl_cublas,5,0.06451,0.05325,0.06451,0.10287,0,1
L-O,8192,8192,8,gpu,23,E_allreduce,2,0.07475,0.06861,0.07475,0.11584,0,1
L-O,8192,8192,8,gpu,23,c_cublas,0,0.02765,0.02458,0.02458,0.03529,0,1
L-O,8192,8192,8,gpu,23,c_nccl_rs,6,0.03379,0.02765,0.03379,0.05180,0,1
L-O,8192,8192,8,gpu,23,c_nccl_ar,3,0.04608,0.03994,0.04608,0.04752,0,1
L-O,8192,8192,8,gpu,23,c_fluxgemm,4,0.03789,0.03379,0.03379,0.02539,0,1
L-O,8192,8192,8,gpu,24,A_fused,5,0.07168,0.06656,0.06861,0.11422,0,1
L-O,8192,8192,8,gpu,24,B_nccl_cublas,2,0.05530,0.05222,0.05530,0.09387,0,1
L-O,8192,8192,8,gpu,24,E_allreduce,1,0.06963,0.06554,0.06963,0.08786,0,1
L-O,8192,8192,8,gpu,24,c_cublas,4,0.02765,0.02458,0.02560,0.04917,0,1
L-O,8192,8192,8,gpu,24,c_nccl_rs,0,0.03482,0.03072,0.03482,0.04601,0,1
L-O,8192,8192,8,gpu,24,c_nccl_ar,6,0.05222,0.04813,0.05222,2.20445,0,1
L-O,8192,8192,8,gpu,24,c_fluxgemm,3,0.03686,0.03277,0.03379,0.02493,0,1
L-O,8192,8192,8,gpu,25,A_fused,0,1.59949,0.11162,0.11162,0.09396,0,1
L-O,8192,8192,8,gpu,25,B_nccl_cublas,4,0.05939,0.05325,0.05734,0.08264,0,1
L-O,8192,8192,8,gpu,25,E_allreduce,5,0.07680,0.07373,0.07680,0.10052,0,1
L-O,8192,8192,8,gpu,25,c_cublas,3,0.02662,0.02355,0.02458,0.03656,0,1
L-O,8192,8192,8,gpu,25,c_nccl_rs,1,0.03584,0.02970,0.03379,0.05758,0,1
L-O,8192,8192,8,gpu,25,c_nccl_ar,2,0.04608,0.04301,0.04403,0.06851,0,1
L-O,8192,8192,8,gpu,25,c_fluxgemm,6,0.03891,0.03482,0.03584,0.02484,0,1
L-O,8192,8192,8,gpu,26,A_fused,4,0.07066,0.06656,0.06963,0.06696,0,1
L-O,8192,8192,8,gpu,26,B_nccl_cublas,6,0.05939,0.05325,0.05837,0.09465,0,1
L-O,8192,8192,8,gpu,26,E_allreduce,1,0.06554,0.06144,0.06554,0.10379,0,1
L-O,8192,8192,8,gpu,26,c_cublas,3,0.02662,0.02355,0.02458,0.03434,0,1
L-O,8192,8192,8,gpu,26,c_nccl_rs,5,0.03686,0.03174,0.03379,0.04833,0,1
L-O,8192,8192,8,gpu,26,c_nccl_ar,0,0.05222,0.04813,0.05222,0.05911,0,1
L-O,8192,8192,8,gpu,26,c_fluxgemm,2,0.03891,0.03379,0.03482,0.02440,0,1
L-O,8192,8192,8,gpu,27,A_fused,6,0.06758,0.06451,0.06656,0.08994,0,1
L-O,8192,8192,8,gpu,27,B_nccl_cublas,0,0.05427,0.04915,0.05222,0.08690,0,1
L-O,8192,8192,8,gpu,27,E_allreduce,4,0.08294,0.07270,0.07885,0.08268,0,1
L-O,8192,8192,8,gpu,27,c_cublas,3,0.02765,0.02560,0.02560,0.06433,0,1
L-O,8192,8192,8,gpu,27,c_nccl_rs,5,0.03379,0.02867,0.03379,0.05862,0,1
L-O,8192,8192,8,gpu,27,c_nccl_ar,1,0.04608,0.04096,0.04608,0.05558,0,1
L-O,8192,8192,8,gpu,27,c_fluxgemm,2,0.03686,0.03379,0.03482,0.02492,0,1
L-O,8192,8192,8,gpu,28,A_fused,4,0.06861,0.06554,0.06656,0.06734,0,1
L-O,8192,8192,8,gpu,28,B_nccl_cublas,5,0.06349,0.05325,0.05939,0.08786,0,1
L-O,8192,8192,8,gpu,28,E_allreduce,0,0.06656,0.06246,0.06246,0.09162,0,1
L-O,8192,8192,8,gpu,28,c_cublas,3,0.02662,0.02355,0.02355,0.03489,0,1
L-O,8192,8192,8,gpu,28,c_nccl_rs,6,0.02970,0.02662,0.02970,0.06111,0,1
L-O,8192,8192,8,gpu,28,c_nccl_ar,1,0.05120,0.04710,0.04813,0.05566,0,1
L-O,8192,8192,8,gpu,28,c_fluxgemm,2,0.03789,0.03277,0.03379,0.02464,0,1
L-O,8192,8192,8,gpu,29,A_fused,1,0.06861,0.06554,0.06758,0.08016,0,1
L-O,8192,8192,8,gpu,29,B_nccl_cublas,3,0.05837,0.05222,0.05734,0.10377,0,1
L-O,8192,8192,8,gpu,29,E_allreduce,0,0.48845,0.11366,0.48538,0.09908,0,1
L-O,8192,8192,8,gpu,29,c_cublas,6,0.02765,0.02458,0.02560,0.03570,0,1
L-O,8192,8192,8,gpu,29,c_nccl_rs,5,0.03686,0.03174,0.03379,0.04170,0,1
L-O,8192,8192,8,gpu,29,c_nccl_ar,4,0.05018,0.04608,0.04813,0.05858,0,1
L-O,8192,8192,8,gpu,29,c_fluxgemm,2,0.03686,0.03277,0.03379,0.02445,0,1
L-O,8192,8192,64,gpu,0,A_fused,1,0.08294,0.07987,0.08192,0.08052,0,1
L-O,8192,8192,64,gpu,0,B_nccl_cublas,6,0.09626,0.07373,0.07373,0.09607,0,1
L-O,8192,8192,64,gpu,0,E_allreduce,2,0.12186,0.10342,0.12186,0.11275,0,1
L-O,8192,8192,64,gpu,0,c_cublas,5,0.02662,0.02355,0.02458,0.03621,0,1
L-O,8192,8192,64,gpu,0,c_nccl_rs,4,0.04608,0.03584,0.04506,0.08903,0,1
L-O,8192,8192,64,gpu,0,c_nccl_ar,3,0.06349,0.05939,0.06349,0.05529,0,1
L-O,8192,8192,64,gpu,0,c_fluxgemm,0,0.05734,0.03379,0.03379,0.03027,0,1
L-O,8192,8192,64,gpu,1,A_fused,4,0.07270,0.07066,0.07270,0.07068,0,1
L-O,8192,8192,64,gpu,1,B_nccl_cublas,0,0.07168,0.06349,0.06451,0.09263,0,1
L-O,8192,8192,64,gpu,1,E_allreduce,3,0.07578,0.07373,0.07578,0.09821,0,1
L-O,8192,8192,64,gpu,1,c_cublas,1,0.02662,0.02355,0.02355,0.03502,0,1
L-O,8192,8192,64,gpu,1,c_nccl_rs,6,0.03482,0.03277,0.03482,0.06029,0,1
L-O,8192,8192,64,gpu,1,c_nccl_ar,2,0.04813,0.04403,0.04608,0.05368,0,1
L-O,8192,8192,64,gpu,1,c_fluxgemm,5,0.03584,0.03482,0.03584,0.02429,0,1
L-O,8192,8192,64,gpu,2,A_fused,2,0.06349,0.05837,0.06349,0.07080,0,1
L-O,8192,8192,64,gpu,2,B_nccl_cublas,1,0.05427,0.05325,0.05427,0.09534,0,1
L-O,8192,8192,64,gpu,2,E_allreduce,0,0.07885,0.07270,0.07885,0.11156,0,1
L-O,8192,8192,64,gpu,2,c_cublas,5,0.02560,0.02355,0.02355,0.04183,0,1
L-O,8192,8192,64,gpu,2,c_nccl_rs,6,0.06451,0.05120,0.06451,0.04570,0,1
L-O,8192,8192,64,gpu,2,c_nccl_ar,3,0.05632,0.04813,0.05632,0.04986,0,1
L-O,8192,8192,64,gpu,2,c_fluxgemm,4,0.03482,0.03277,0.03482,0.03187,0,1
L-O,8192,8192,64,gpu,3,A_fused,0,0.07373,0.07066,0.07066,0.07449,0,1
L-O,8192,8192,64,gpu,3,B_nccl_cublas,1,0.06349,0.05120,0.06246,0.09740,0,1
L-O,8192,8192,64,gpu,3,E_allreduce,6,0.08192,0.07680,0.08192,0.10098,0,1
L-O,8192,8192,64,gpu,3,c_cublas,3,0.02458,0.02355,0.02355,0.03439,0,1
L-O,8192,8192,64,gpu,3,c_nccl_rs,4,0.07578,0.05632,0.07578,0.06109,0,1
L-O,8192,8192,64,gpu,3,c_nccl_ar,5,0.07782,0.06861,0.07782,0.05460,0,1
L-O,8192,8192,64,gpu,3,c_fluxgemm,2,0.03482,0.03277,0.03482,0.02497,0,1
L-O,8192,8192,64,gpu,4,A_fused,5,0.07270,0.06963,0.07270,0.07120,0,1
L-O,8192,8192,64,gpu,4,B_nccl_cublas,3,0.05530,0.05120,0.05530,0.10758,0,1
L-O,8192,8192,64,gpu,4,E_allreduce,2,0.08192,0.07475,0.08192,0.08496,0,1
L-O,8192,8192,64,gpu,4,c_cublas,0,0.02458,0.02355,0.02355,0.03625,0,1
L-O,8192,8192,64,gpu,4,c_nccl_rs,6,0.03789,0.03379,0.03789,0.06251,0,1
L-O,8192,8192,64,gpu,4,c_nccl_ar,1,0.36352,0.11366,0.36352,0.05555,0,1
L-O,8192,8192,64,gpu,4,c_fluxgemm,4,0.03482,0.03277,0.03482,0.02487,0,1
L-O,8192,8192,64,gpu,5,A_fused,3,0.06246,0.05734,0.06246,0.06938,0,1
L-O,8192,8192,64,gpu,5,B_nccl_cublas,5,0.05632,0.05325,0.05632,0.08873,0,1
L-O,8192,8192,64,gpu,5,E_allreduce,0,0.07475,0.07168,0.07475,0.12048,0,1
L-O,8192,8192,64,gpu,5,c_cublas,2,0.02458,0.02355,0.02458,0.03484,0,1
L-O,8192,8192,64,gpu,5,c_nccl_rs,1,0.03482,0.03379,0.03482,0.04811,0,1
L-O,8192,8192,64,gpu,5,c_nccl_ar,6,0.04710,0.04198,0.04710,0.04771,0,1
L-O,8192,8192,64,gpu,5,c_fluxgemm,4,0.03482,0.03277,0.03379,0.02271,0,1
L-O,8192,8192,64,gpu,6,A_fused,6,0.06246,0.06042,0.06042,0.07012,0,1
L-O,8192,8192,64,gpu,6,B_nccl_cublas,4,0.07782,0.06451,0.07782,0.09560,0,1
L-O,8192,8192,64,gpu,6,E_allreduce,0,0.06349,0.05939,0.06349,0.10992,0,1
L-O,8192,8192,64,gpu,6,c_cublas,3,0.02560,0.02355,0.02458,0.03564,0,1
L-O,8192,8192,64,gpu,6,c_nccl_rs,5,0.03482,0.03379,0.03482,0.05120,0,1
L-O,8192,8192,64,gpu,6,c_nccl_ar,2,0.06861,0.06349,0.06861,0.04573,0,1
L-O,8192,8192,64,gpu,6,c_fluxgemm,1,0.03584,0.03379,0.03584,0.02479,0,1
L-O,8192,8192,64,gpu,7,A_fused,4,0.07782,0.07475,0.07782,0.07196,0,1
L-O,8192,8192,64,gpu,7,B_nccl_cublas,3,0.07680,0.06451,0.07680,0.09025,0,1
L-O,8192,8192,64,gpu,7,E_allreduce,2,0.12595,0.11469,0.12595,0.09224,0,1
L-O,8192,8192,64,gpu,7,c_cublas,0,0.02458,0.02355,0.02458,0.03688,0,1
L-O,8192,8192,64,gpu,7,c_nccl_rs,6,0.05120,0.04506,0.04608,0.06032,0,1
L-O,8192,8192,64,gpu,7,c_nccl_ar,5,0.06144,0.05325,0.06144,0.05869,0,1
L-O,8192,8192,64,gpu,7,c_fluxgemm,1,0.03482,0.03379,0.03482,0.02482,0,1
L-O,8192,8192,64,gpu,8,A_fused,6,0.06246,0.05837,0.06246,0.06894,0,1
L-O,8192,8192,64,gpu,8,B_nccl_cublas,2,0.05632,0.05325,0.05530,0.09106,0,1
L-O,8192,8192,64,gpu,8,E_allreduce,5,0.06656,0.06246,0.06656,0.12090,0,1
L-O,8192,8192,64,gpu,8,c_cublas,3,0.02458,0.02355,0.02458,0.03182,0,1
L-O,8192,8192,64,gpu,8,c_nccl_rs,1,0.03994,0.03379,0.03994,0.04508,0,1
L-O,8192,8192,64,gpu,8,c_nccl_ar,4,0.05632,0.05222,0.05325,0.05943,0,1
L-O,8192,8192,64,gpu,8,c_fluxgemm,0,0.03482,0.03379,0.03482,0.02512,0,1
L-O,8192,8192,64,gpu,9,A_fused,1,0.07168,0.06861,0.07168,0.06675,0,1
L-O,8192,8192,64,gpu,9,B_nccl_cublas,6,0.07885,0.07373,0.07885,0.08161,0,1
L-O,8192,8192,64,gpu,9,E_allreduce,5,0.10138,0.08294,0.10138,0.09082,0,1
L-O,8192,8192,64,gpu,9,c_cublas,4,0.02560,0.02458,0.02560,0.03606,0,1
L-O,8192,8192,64,gpu,9,c_nccl_rs,0,0.03584,0.03277,0.03482,0.06335,0,1
L-O,8192,8192,64,gpu,9,c_nccl_ar,2,0.04608,0.04198,0.04608,0.05160,0,1
L-O,8192,8192,64,gpu,9,c_fluxgemm,3,0.03482,0.03379,0.03482,0.02418,0,1
L-O,8192,8192,64,gpu,10,A_fused,2,0.07475,0.07168,0.07475,0.07045,0,1
L-O,8192,8192,64,gpu,10,B_nccl_cublas,5,0.08602,0.07373,0.08602,0.09458,0,1
L-O,8192,8192,64,gpu,10,E_allreduce,6,0.11981,0.10138,0.11878,0.09750,0,1
L-O,8192,8192,64,gpu,10,c_cublas,4,0.02458,0.02355,0.02458,0.04611,0,1
L-O,8192,8192,64,gpu,10,c_nccl_rs,0,0.04710,0.04403,0.04608,0.05762,0,1
L-O,8192,8192,64,gpu,10,c_nccl_ar,3,0.04506,0.04096,0.04506,0.05810,0,1
L-O,8192,8192,64,gpu,10,c_fluxgemm,1,0.03482,0.03277,0.03482,0.02483,0,1
L-O,8192,8192,64,gpu,11,A_fused,2,0.07680,0.07270,0.07680,0.07043,0,1
L-O,8192,8192,64,gpu,11,B_nccl_cublas,1,0.07373,0.06554,0.06963,0.08575,0,1
L-O,8192,8192,64,gpu,11,E_allreduce,3,0.07885,0.07373,0.07885,0.11140,0,1
L-O,8192,8192,64,gpu,11,c_cublas,6,0.02662,0.02458,0.02560,0.03632,0,1
L-O,8192,8192,64,gpu,11,c_nccl_rs,0,0.06042,0.04403,0.04915,0.05956,0,1
L-O,8192,8192,64,gpu,11,c_nccl_ar,4,0.04506,0.04096,0.04506,0.05504,0,1
L-O,8192,8192,64,gpu,11,c_fluxgemm,5,0.03584,0.03379,0.03584,0.02457,0,1
L-O,8192,8192,64,gpu,12,A_fused,4,0.07066,0.06861,0.07066,0.07338,0,1
L-O,8192,8192,64,gpu,12,B_nccl_cublas,5,0.06861,0.06349,0.06656,0.10036,0,1
L-O,8192,8192,64,gpu,12,E_allreduce,1,0.07475,0.07168,0.07475,0.10202,0,1
L-O,8192,8192,64,gpu,12,c_cublas,2,0.02560,0.02458,0.02458,0.03779,0,1
L-O,8192,8192,64,gpu,12,c_nccl_rs,3,0.04506,0.03379,0.04506,0.06239,0,1
L-O,8192,8192,64,gpu,12,c_nccl_ar,0,0.05632,0.05325,0.05530,0.05274,0,1
L-O,8192,8192,64,gpu,12,c_fluxgemm,6,0.03482,0.03277,0.03482,0.02446,0,1
L-O,8192,8192,64,gpu,13,A_fused,3,0.07475,0.06861,0.07475,0.06628,0,1
L-O,8192,8192,64,gpu,13,B_nccl_cublas,4,0.05632,0.05325,0.05530,0.09258,0,1
L-O,8192,8192,64,gpu,13,E_allreduce,6,0.10138,0.09421,0.10138,0.08863,0,1
L-O,8192,8192,64,gpu,13,c_cublas,0,0.02560,0.02458,0.02560,0.03634,0,1
L-O,8192,8192,64,gpu,13,c_nccl_rs,1,1.07110,0.08294,1.06803,0.05867,0,1
L-O,8192,8192,64,gpu,13,c_nccl_ar,5,0.05120,0.04915,0.05018,0.05551,0,1
L-O,8192,8192,64,gpu,13,c_fluxgemm,2,0.03379,0.03277,0.03379,0.02457,0,1
L-O,8192,8192,64,gpu,14,A_fused,3,0.07475,0.07168,0.07475,0.07386,0,1
L-O,8192,8192,64,gpu,14,B_nccl_cublas,1,0.08499,0.07168,0.07475,0.08807,0,1
L-O,8192,8192,64,gpu,14,E_allreduce,5,0.07885,0.07680,0.07782,0.10102,0,1
L-O,8192,8192,64,gpu,14,c_cublas,2,0.02560,0.02355,0.02458,0.03216,0,1
L-O,8192,8192,64,gpu,14,c_nccl_rs,6,0.03584,0.03379,0.03482,0.05877,0,1
L-O,8192,8192,64,gpu,14,c_nccl_ar,0,0.08499,0.07885,0.08499,0.07924,0,1
L-O,8192,8192,64,gpu,14,c_fluxgemm,4,0.03482,0.03379,0.03482,0.02308,0,1
L-O,8192,8192,64,gpu,15,A_fused,2,0.07270,0.06861,0.07270,0.07293,0,1
L-O,8192,8192,64,gpu,15,B_nccl_cublas,4,0.07578,0.06451,0.06656,0.09881,0,1
L-O,8192,8192,64,gpu,15,E_allreduce,5,0.06554,0.06144,0.06554,0.10692,0,1
L-O,8192,8192,64,gpu,15,c_cublas,1,0.02458,0.02355,0.02355,0.03623,0,1
L-O,8192,8192,64,gpu,15,c_nccl_rs,6,0.04506,0.03994,0.04198,0.07203,0,1
L-O,8192,8192,64,gpu,15,c_nccl_ar,3,0.05632,0.04608,0.05632,0.05036,0,1
L-O,8192,8192,64,gpu,15,c_fluxgemm,0,0.03482,0.03277,0.03379,0.02457,0,1
L-O,8192,8192,64,gpu,16,A_fused,1,0.06246,0.05939,0.06246,0.07013,0,1
L-O,8192,8192,64,gpu,16,B_nccl_cublas,2,0.07373,0.06349,0.07373,0.09930,0,1
L-O,8192,8192,64,gpu,16,E_allreduce,0,0.07578,0.07168,0.07578,0.09995,0,1
L-O,8192,8192,64,gpu,16,c_cublas,4,0.02458,0.02355,0.02458,0.03489,0,1
L-O,8192,8192,64,gpu,16,c_nccl_rs,5,0.05530,0.05222,0.05222,0.06082,0,1
L-O,8192,8192,64,gpu,16,c_nccl_ar,6,0.04301,0.04096,0.04301,0.05270,0,1
L-O,8192,8192,64,gpu,16,c_fluxgemm,3,0.03482,0.03379,0.03482,0.02451,0,1
L-O,8192,8192,64,gpu,17,A_fused,4,0.08806,0.08499,0.08806,0.07069,0,1
L-O,8192,8192,64,gpu,17,B_nccl_cublas,3,0.07782,0.07168,0.07782,0.09320,0,1
L-O,8192,8192,64,gpu,17,E_allreduce,2,0.06656,0.06246,0.06656,0.09049,0,1
L-O,8192,8192,64,gpu,17,c_cublas,5,0.02662,0.02560,0.02662,0.04655,0,1
L-O,8192,8192,64,gpu,17,c_nccl_rs,0,0.04608,0.04198,0.04608,0.05520,0,1
L-O,8192,8192,64,gpu,17,c_nccl_ar,6,0.08294,0.06349,0.06349,0.05696,0,1
L-O,8192,8192,64,gpu,17,c_fluxgemm,1,0.03379,0.03277,0.03379,0.02468,0,1
L-O,8192,8192,64,gpu,18,A_fused,4,0.07168,0.06861,0.07066,0.10308,0,1
L-O,8192,8192,64,gpu,18,B_nccl_cublas,6,0.05530,0.05325,0.05427,0.10531,0,1
L-O,8192,8192,64,gpu,18,E_allreduce,0,0.07782,0.07270,0.07782,0.10166,0,1
L-O,8192,8192,64,gpu,18,c_cublas,1,0.02662,0.02458,0.02560,0.03247,0,1
L-O,8192,8192,64,gpu,18,c_nccl_rs,3,1.22778,0.04301,0.04301,2.27574,0,1
L-O,8192,8192,64,gpu,18,c_nccl_ar,5,0.06451,0.06042,0.06451,0.07387,0,1
L-O,8192,8192,64,gpu,18,c_fluxgemm,2,0.03482,0.03379,0.03482,0.02419,0,1
L-O,8192,8192,64,gpu,19,A_fused,6,0.07168,0.06963,0.07168,0.08223,0,1
L-O,8192,8192,64,gpu,19,B_nccl_cublas,0,1.40698,0.11776,1.40698,0.09169,0,1
L-O,8192,8192,64,gpu,19,E_allreduce,5,0.07885,0.07578,0.07885,0.09802,0,1
L-O,8192,8192,64,gpu,19,c_cublas,4,0.02560,0.02458,0.02560,0.04214,0,1
L-O,8192,8192,64,gpu,19,c_nccl_rs,3,0.05530,0.05325,0.05427,0.06809,0,1
L-O,8192,8192,64,gpu,19,c_nccl_ar,2,0.04403,0.03994,0.04301,0.06096,0,1
L-O,8192,8192,64,gpu,19,c_fluxgemm,1,0.03482,0.03277,0.03379,0.02496,0,1
L-O,8192,8192,64,gpu,20,A_fused,6,0.07066,0.06656,0.07066,0.08610,0,1
L-O,8192,8192,64,gpu,20,B_nccl_cublas,4,0.08704,0.07782,0.07885,0.08679,0,1
L-O,8192,8192,64,gpu,20,E_allreduce,2,0.09830,0.09523,0.09830,0.09894,0,1
L-O,8192,8192,64,gpu,20,c_cublas,0,0.02458,0.02355,0.02458,0.03693,0,1
L-O,8192,8192,64,gpu,20,c_nccl_rs,5,0.04608,0.04096,0.04608,0.05759,0,1
L-O,8192,8192,64,gpu,20,c_nccl_ar,1,0.06349,0.05837,0.06246,0.05870,0,1
L-O,8192,8192,64,gpu,20,c_fluxgemm,3,0.03482,0.03379,0.03482,0.02464,0,1
L-O,8192,8192,64,gpu,21,A_fused,6,0.07475,0.07270,0.07373,0.10009,0,1
L-O,8192,8192,64,gpu,21,B_nccl_cublas,5,0.06656,0.05427,0.06554,0.08322,0,1
L-O,8192,8192,64,gpu,21,E_allreduce,1,0.06349,0.06042,0.06349,0.09337,0,1
L-O,8192,8192,64,gpu,21,c_cublas,3,0.02560,0.02458,0.02560,0.03404,0,1
L-O,8192,8192,64,gpu,21,c_nccl_rs,4,0.04608,0.03482,0.03789,0.06060,0,1
L-O,8192,8192,64,gpu,21,c_nccl_ar,0,2.27840,0.11059,2.27738,0.06393,0,1
L-O,8192,8192,64,gpu,21,c_fluxgemm,2,0.03482,0.03379,0.03482,0.02465,0,1
L-O,8192,8192,64,gpu,22,A_fused,6,0.06042,0.05837,0.06042,0.07270,0,1
L-O,8192,8192,64,gpu,22,B_nccl_cublas,5,0.06861,0.05530,0.06861,0.09970,0,1
L-O,8192,8192,64,gpu,22,E_allreduce,2,0.09114,0.08909,0.09114,0.09493,0,1
L-O,8192,8192,64,gpu,22,c_cublas,3,0.02458,0.02355,0.02458,0.03123,0,1
L-O,8192,8192,64,gpu,22,c_nccl_rs,1,0.03584,0.03379,0.03584,0.04982,0,1
L-O,8192,8192,64,gpu,22,c_nccl_ar,4,0.05632,0.05222,0.05632,0.04845,0,1
L-O,8192,8192,64,gpu,22,c_fluxgemm,0,0.03379,0.03277,0.03379,0.02450,0,1
L-O,8192,8192,64,gpu,23,A_fused,3,0.36147,0.10752,0.36045,0.08116,0,1
L-O,8192,8192,64,gpu,23,B_nccl_cublas,1,0.07680,0.07475,0.07578,0.08360,0,1
L-O,8192,8192,64,gpu,23,E_allreduce,0,0.09830,0.08499,0.09626,0.09906,0,1
L-O,8192,8192,64,gpu,23,c_cublas,2,0.02560,0.02458,0.02560,0.03136,0,1
L-O,8192,8192,64,gpu,23,c_nccl_rs,4,0.04301,0.04096,0.04198,0.05758,0,1
L-O,8192,8192,64,gpu,23,c_nccl_ar,6,0.05427,0.04915,0.05427,0.06527,0,1
L-O,8192,8192,64,gpu,23,c_fluxgemm,5,0.03379,0.03277,0.03379,0.02928,0,1
L-O,8192,8192,64,gpu,24,A_fused,5,0.07578,0.07475,0.07578,0.06781,0,1
L-O,8192,8192,64,gpu,24,B_nccl_cublas,0,0.05325,0.05120,0.05325,0.11115,0,1
L-O,8192,8192,64,gpu,24,E_allreduce,2,0.06451,0.06246,0.06451,0.11254,0,1
L-O,8192,8192,64,gpu,24,c_cublas,3,0.02458,0.02355,0.02458,0.03275,0,1
L-O,8192,8192,64,gpu,24,c_nccl_rs,1,0.03584,0.03379,0.03584,0.04406,0,1
L-O,8192,8192,64,gpu,24,c_nccl_ar,6,0.05530,0.05222,0.05530,0.05931,0,1
L-O,8192,8192,64,gpu,24,c_fluxgemm,4,0.03379,0.03277,0.03379,0.02458,0,1
L-O,8192,8192,64,gpu,25,A_fused,1,0.07270,0.06963,0.07270,0.06865,0,1
L-O,8192,8192,64,gpu,25,B_nccl_cublas,3,0.07373,0.06963,0.07373,0.24169,0,1
L-O,8192,8192,64,gpu,25,E_allreduce,4,0.06656,0.06246,0.06656,0.10193,0,1
L-O,8192,8192,64,gpu,25,c_cublas,5,0.02560,0.02458,0.02458,0.03419,0,1
L-O,8192,8192,64,gpu,25,c_nccl_rs,6,0.05632,0.05222,0.05530,0.04816,0,1
L-O,8192,8192,64,gpu,25,c_nccl_ar,0,0.05120,0.04608,0.05120,0.04833,0,1
L-O,8192,8192,64,gpu,25,c_fluxgemm,2,0.03379,0.03277,0.03379,0.03190,0,1
L-O,8192,8192,64,gpu,26,A_fused,5,0.07475,0.07066,0.07373,0.08647,0,1
L-O,8192,8192,64,gpu,26,B_nccl_cublas,6,0.08499,0.07475,0.07578,0.10296,0,1
L-O,8192,8192,64,gpu,26,E_allreduce,4,0.12595,0.10752,0.12595,0.09915,0,1
L-O,8192,8192,64,gpu,26,c_cublas,1,0.02458,0.02355,0.02458,0.03808,0,1
L-O,8192,8192,64,gpu,26,c_nccl_rs,3,0.05734,0.04710,0.05632,0.05073,0,1
L-O,8192,8192,64,gpu,26,c_nccl_ar,0,0.05632,0.05222,0.05632,0.11299,0,1
L-O,8192,8192,64,gpu,26,c_fluxgemm,2,0.03379,0.03277,0.03379,0.02718,0,1
L-O,8192,8192,64,gpu,27,A_fused,2,0.07373,0.07168,0.07373,0.06870,0,1
L-O,8192,8192,64,gpu,27,B_nccl_cublas,0,0.06861,0.06349,0.06861,0.08760,0,1
L-O,8192,8192,64,gpu,27,E_allreduce,3,0.07578,0.07270,0.07578,0.10970,0,1
L-O,8192,8192,64,gpu,27,c_cublas,4,0.02560,0.02458,0.02458,0.03263,0,1
L-O,8192,8192,64,gpu,27,c_nccl_rs,5,0.03482,0.03379,0.03482,0.05834,0,1
L-O,8192,8192,64,gpu,27,c_nccl_ar,6,0.04403,0.03994,0.04403,0.05614,0,1
L-O,8192,8192,64,gpu,27,c_fluxgemm,1,0.03379,0.03379,0.03379,0.03049,0,1
L-O,8192,8192,64,gpu,28,A_fused,5,0.07270,0.07066,0.07270,0.08834,0,1
L-O,8192,8192,64,gpu,28,B_nccl_cublas,1,0.05325,0.05120,0.05325,0.09101,0,1
L-O,8192,8192,64,gpu,28,E_allreduce,0,0.06861,0.06144,0.06861,0.10422,0,1
L-O,8192,8192,64,gpu,28,c_cublas,4,0.02458,0.02355,0.02355,0.03610,0,1
L-O,8192,8192,64,gpu,28,c_nccl_rs,2,0.05939,0.04301,0.04301,0.05920,0,1
L-O,8192,8192,64,gpu,28,c_nccl_ar,6,0.05734,0.05222,0.05734,0.05926,0,1
L-O,8192,8192,64,gpu,28,c_fluxgemm,3,0.03482,0.03277,0.03379,0.02492,0,1
L-O,8192,8192,64,gpu,29,A_fused,6,0.06451,0.05837,0.06349,0.07326,0,1
L-O,8192,8192,64,gpu,29,B_nccl_cublas,3,0.08294,0.07578,0.08090,0.08585,0,1
L-O,8192,8192,64,gpu,29,E_allreduce,2,0.08397,0.08090,0.08397,0.10264,0,1
L-O,8192,8192,64,gpu,29,c_cublas,0,0.02560,0.02458,0.02560,0.03756,0,1
L-O,8192,8192,64,gpu,29,c_nccl_rs,4,0.04710,0.03686,0.04710,0.04819,0,1
L-O,8192,8192,64,gpu,29,c_nccl_ar,5,0.04403,0.04096,0.04403,0.04551,0,1
L-O,8192,8192,64,gpu,29,c_fluxgemm,1,0.03482,0.03379,0.03482,0.02890,0,1
L-O,8192,8192,1024,gpu,0,A_fused,3,0.16282,0.15667,0.16282,0.09386,0,1
L-O,8192,8192,1024,gpu,0,B_nccl_cublas,6,0.24371,0.23859,0.24166,0.17963,0,1
L-O,8192,8192,1024,gpu,0,E_allreduce,1,0.33178,0.31744,0.32256,0.11315,0,1
L-O,8192,8192,1024,gpu,0,c_cublas,0,0.25395,0.09523,0.09523,0.30053,0,1
L-O,8192,8192,1024,gpu,0,c_nccl_rs,2,0.14438,0.13722,0.14438,0.05599,0,1
L-O,8192,8192,1024,gpu,0,c_nccl_ar,5,0.24371,0.21914,0.22733,0.07873,0,1
L-O,8192,8192,1024,gpu,0,c_fluxgemm,4,0.09523,0.09216,0.09523,0.02482,0,1
L-O,8192,8192,1024,gpu,1,A_fused,0,0.17715,0.17510,0.17715,0.08448,0,1
L-O,8192,8192,1024,gpu,1,B_nccl_cublas,1,0.29491,0.28467,0.28774,0.10528,0,1
L-O,8192,8192,1024,gpu,1,E_allreduce,4,0.36454,0.34406,0.35942,0.09740,0,1
L-O,8192,8192,1024,gpu,1,c_cublas,3,0.09626,0.09421,0.09523,0.04096,0,1
L-O,8192,8192,1024,gpu,1,c_nccl_rs,5,0.13517,0.13107,0.13414,0.05465,0,1
L-O,8192,8192,1024,gpu,1,c_nccl_ar,6,0.22733,0.21811,0.22016,0.05296,0,1
L-O,8192,8192,1024,gpu,1,c_fluxgemm,2,0.09523,0.09318,0.09421,0.03509,0,1
L-O,8192,8192,1024,gpu,2,A_fused,1,0.16282,0.16077,0.16179,0.07636,0,1
L-O,8192,8192,1024,gpu,2,B_nccl_cublas,6,0.23040,0.22630,0.23040,0.10561,0,1
L-O,8192,8192,1024,gpu,2,E_allreduce,2,0.32256,0.31130,0.31846,0.11367,0,1
L-O,8192,8192,1024,gpu,2,c_cublas,4,0.09728,0.09523,0.09626,0.04022,0,1
L-O,8192,8192,1024,gpu,2,c_nccl_rs,0,0.14541,0.13722,0.13824,0.06169,0,1
L-O,8192,8192,1024,gpu,2,c_nccl_ar,3,0.24576,0.21914,0.24166,0.06435,0,1
L-O,8192,8192,1024,gpu,2,c_fluxgemm,5,0.09523,0.09318,0.09421,0.02422,0,1
L-O,8192,8192,1024,gpu,3,A_fused,4,0.17203,0.16691,0.17203,0.07156,0,1
L-O,8192,8192,1024,gpu,3,B_nccl_cublas,0,0.22630,0.22118,0.22630,0.09888,0,1
L-O,8192,8192,1024,gpu,3,E_allreduce,3,0.32563,0.31437,0.31539,0.10478,0,1
L-O,8192,8192,1024,gpu,3,c_cublas,5,0.09523,0.09421,0.09523,0.03741,0,1
L-O,8192,8192,1024,gpu,3,c_nccl_rs,6,0.13312,0.12800,0.13312,0.06503,0,1
L-O,8192,8192,1024,gpu,3,c_nccl_ar,2,0.23040,0.20685,0.21914,0.06027,0,1
L-O,8192,8192,1024,gpu,3,c_fluxgemm,1,0.09523,0.09421,0.09523,0.02306,0,1
L-O,8192,8192,1024,gpu,4,A_fused,0,0.17613,0.17306,0.17613,0.07397,0,1
L-O,8192,8192,1024,gpu,4,B_nccl_cublas,1,0.23757,0.23450,0.23654,0.09716,0,1
L-O,8192,8192,1024,gpu,4,E_allreduce,5,0.33997,0.31130,0.32563,0.09680,0,1
L-O,8192,8192,1024,gpu,4,c_cublas,4,0.09626,0.09421,0.09626,0.03837,0,1
L-O,8192,8192,1024,gpu,4,c_nccl_rs,3,0.15053,0.14643,0.14848,0.05709,0,1
L-O,8192,8192,1024,gpu,4,c_nccl_ar,6,0.24269,0.22426,0.23142,0.06422,0,1
L-O,8192,8192,1024,gpu,4,c_fluxgemm,2,0.09626,0.09318,0.09421,0.02238,0,1
L-O,8192,8192,1024,gpu,5,A_fused,1,0.17306,0.16794,0.17306,0.06862,0,1
L-O,8192,8192,1024,gpu,5,B_nccl_cublas,0,0.26317,0.25088,0.25907,0.09837,0,1
L-O,8192,8192,1024,gpu,5,E_allreduce,6,0.33997,0.31642,0.33485,0.08801,0,1
L-O,8192,8192,1024,gpu,5,c_cublas,5,0.09626,0.09523,0.09523,0.03897,0,1
L-O,8192,8192,1024,gpu,5,c_nccl_rs,3,0.14541,0.14029,0.14234,0.05833,0,1
L-O,8192,8192,1024,gpu,5,c_nccl_ar,4,0.23552,0.21709,0.22630,0.05682,0,1
L-O,8192,8192,1024,gpu,5,c_fluxgemm,2,0.09523,0.09318,0.09421,0.02071,0,1
L-O,8192,8192,1024,gpu,6,A_fused,1,0.16384,0.16179,0.16179,0.06706,0,1
L-O,8192,8192,1024,gpu,6,B_nccl_cublas,0,0.22733,0.22323,0.22733,0.09417,0,1
L-O,8192,8192,1024,gpu,6,E_allreduce,2,0.32154,0.30106,0.30822,0.12097,0,1
L-O,8192,8192,1024,gpu,6,c_cublas,5,0.09626,0.09421,0.09523,0.03598,0,1
L-O,8192,8192,1024,gpu,6,c_nccl_rs,4,0.13414,0.12902,0.13005,0.04709,0,1
L-O,8192,8192,1024,gpu,6,c_nccl_ar,3,0.22528,0.20787,0.21709,0.05285,0,1
L-O,8192,8192,1024,gpu,6,c_fluxgemm,6,0.09523,0.09318,0.09421,0.02432,0,1
L-O,8192,8192,1024,gpu,7,A_fused,3,0.17306,0.17101,0.17306,0.07347,0,1
L-O,8192,8192,1024,gpu,7,B_nccl_cublas,6,0.23654,0.22835,0.23654,0.09064,0,1
L-O,8192,8192,1024,gpu,7,E_allreduce,5,0.33997,0.32256,0.33792,0.12088,0,1
L-O,8192,8192,1024,gpu,7,c_cublas,1,0.09626,0.09421,0.09421,0.03654,0,1
L-O,8192,8192,1024,gpu,7,c_nccl_rs,4,0.13517,0.13107,0.13414,0.05873,0,1
L-O,8192,8192,1024,gpu,7,c_nccl_ar,0,0.24781,0.22118,0.22733,0.05017,0,1
L-O,8192,8192,1024,gpu,7,c_fluxgemm,2,0.09523,0.09318,0.09523,0.02181,0,1
L-O,8192,8192,1024,gpu,8,A_fused,1,0.16691,0.16282,0.16691,0.06678,0,1
L-O,8192,8192,1024,gpu,8,B_nccl_cublas,6,0.24781,0.23859,0.24474,0.10063,0,1
L-O,8192,8192,1024,gpu,8,E_allreduce,2,0.33894,0.31846,0.32563,0.10578,0,1
L-O,8192,8192,1024,gpu,8,c_cublas,4,0.09626,0.09421,0.09523,0.03877,0,1
L-O,8192,8192,1024,gpu,8,c_nccl_rs,3,0.15770,0.14438,0.15053,1.28949,0,1
L-O,8192,8192,1024,gpu,8,c_nccl_ar,0,0.23757,0.20787,0.23552,0.05888,0,1
L-O,8192,8192,1024,gpu,8,c_fluxgemm,5,0.09523,0.09216,0.09421,0.02152,0,1
L-O,8192,8192,1024,gpu,9,A_fused,2,0.17920,0.17613,0.17715,0.07492,0,1
L-O,8192,8192,1024,gpu,9,B_nccl_cublas,5,0.23859,0.23040,0.23654,0.09046,0,1
L-O,8192,8192,1024,gpu,9,E_allreduce,4,0.33894,0.31642,0.33792,0.09792,0,1
L-O,8192,8192,1024,gpu,9,c_cublas,0,0.09626,0.09421,0.09523,0.03719,0,1
L-O,8192,8192,1024,gpu,9,c_nccl_rs,6,0.13414,0.13005,0.13414,0.05109,0,1
L-O,8192,8192,1024,gpu,9,c_nccl_ar,1,0.25088,0.22835,0.22835,0.05627,0,1
L-O,8192,8192,1024,gpu,9,c_fluxgemm,3,0.09523,0.09318,0.09421,0.02944,0,1
L-O,8192,8192,1024,gpu,10,A_fused,1,0.17408,0.17101,0.17306,0.06765,0,1
L-O,8192,8192,1024,gpu,10,B_nccl_cublas,2,0.24064,0.23245,0.23962,0.11951,0,1
L-O,8192,8192,1024,gpu,10,E_allreduce,0,0.32768,0.31027,0.32666,0.09723,0,1
L-O,8192,8192,1024,gpu,10,c_cublas,3,0.09523,0.09421,0.09523,0.03326,0,1
L-O,8192,8192,1024,gpu,10,c_nccl_rs,5,0.15155,0.14541,0.15053,0.04964,0,1
L-O,8192,8192,1024,gpu,10,c_nccl_ar,6,0.22630,0.20582,0.22016,0.04658,0,1
L-O,8192,8192,1024,gpu,10,c_fluxgemm,4,0.09523,0.09318,0.09421,0.02178,0,1
L-O,8192,8192,1024,gpu,11,A_fused,0,0.18534,0.18432,0.18432,0.06725,0,1
L-O,8192,8192,1024,gpu,11,B_nccl_cublas,3,0.24166,0.23654,0.24166,0.11675,0,1
L-O,8192,8192,1024,gpu,11,E_allreduce,4,0.34304,0.31437,0.32870,0.10414,0,1
L-O,8192,8192,1024,gpu,11,c_cublas,5,0.09626,0.09421,0.09626,0.03291,0,1
L-O,8192,8192,1024,gpu,11,c_nccl_rs,6,0.14438,0.14029,0.14438,0.06189,0,1
L-O,8192,8192,1024,gpu,11,c_nccl_ar,1,0.23757,0.21606,0.23245,0.06348,0,1
L-O,8192,8192,1024,gpu,11,c_fluxgemm,2,0.09626,0.09523,0.09626,0.02093,0,1
L-O,8192,8192,1024,gpu,12,A_fused,6,0.18330,0.17613,0.18227,0.06775,0,1
L-O,8192,8192,1024,gpu,12,B_nccl_cublas,4,0.27034,0.25907,0.26522,0.09798,0,1
L-O,8192,8192,1024,gpu,12,E_allreduce,1,0.34816,0.31539,0.34202,0.10450,0,1
L-O,8192,8192,1024,gpu,12,c_cublas,0,0.09626,0.09523,0.09523,0.04085,0,1
L-O,8192,8192,1024,gpu,12,c_nccl_rs,3,0.15155,0.14336,0.14950,0.05418,0,1
L-O,8192,8192,1024,gpu,12,c_nccl_ar,2,0.23142,0.20787,0.21606,0.05562,0,1
L-O,8192,8192,1024,gpu,12,c_fluxgemm,5,0.09523,0.09318,0.09421,0.02230,0,1
L-O,8192,8192,1024,gpu,13,A_fused,1,0.16384,0.16179,0.16384,0.09154,0,1
L-O,8192,8192,1024,gpu,13,B_nccl_cublas,0,0.23552,0.22835,0.23552,0.09897,0,1
L-O,8192,8192,1024,gpu,13,E_allreduce,6,0.32666,0.30618,0.32666,0.10625,0,1
L-O,8192,8192,1024,gpu,13,c_cublas,2,0.09626,0.09421,0.09523,0.04205,0,1
L-O,8192,8192,1024,gpu,13,c_nccl_rs,5,0.14336,0.13722,0.14131,0.06088,0,1
L-O,8192,8192,1024,gpu,13,c_nccl_ar,3,0.26317,0.22016,0.22835,1.67203,0,1
L-O,8192,8192,1024,gpu,13,c_fluxgemm,4,0.09626,0.09421,0.09523,0.02122,0,1
L-O,8192,8192,1024,gpu,14,A_fused,2,0.16691,0.16486,0.16691,0.08194,0,1
L-O,8192,8192,1024,gpu,14,B_nccl_cublas,1,0.23757,0.23347,0.23757,0.10374,0,1
L-O,8192,8192,1024,gpu,14,E_allreduce,3,0.33382,0.30925,0.31642,0.09193,0,1
L-O,8192,8192,1024,gpu,14,c_cublas,5,0.09626,0.09421,0.09523,0.03471,0,1
L-O,8192,8192,1024,gpu,14,c_nccl_rs,0,0.65024,0.17818,0.17818,0.05918,0,1
L-O,8192,8192,1024,gpu,14,c_nccl_ar,4,0.23757,0.21709,0.23142,0.05394,0,1
L-O,8192,8192,1024,gpu,14,c_fluxgemm,6,0.09523,0.09421,0.09421,0.03309,0,1
L-O,8192,8192,1024,gpu,15,A_fused,2,0.18944,0.18432,0.18944,0.06625,0,1
L-O,8192,8192,1024,gpu,15,B_nccl_cublas,6,0.23962,0.23552,0.23552,0.10229,0,1
L-O,8192,8192,1024,gpu,15,E_allreduce,5,0.32768,0.31130,0.31232,0.11221,0,1
L-O,8192,8192,1024,gpu,15,c_cublas,0,0.09626,0.09421,0.09626,0.03727,0,1
L-O,8192,8192,1024,gpu,15,c_nccl_rs,1,0.14643,0.14336,0.14438,0.04789,0,1
L-O,8192,8192,1024,gpu,15,c_nccl_ar,4,0.25395,0.23450,0.24883,0.04841,0,1
L-O,8192,8192,1024,gpu,15,c_fluxgemm,3,0.10650,0.09421,0.09421,0.02076,0,1
L-O,8192,8192,1024,gpu,16,A_fused,1,0.16998,0.16384,0.16998,0.09023,0,1
L-O,8192,8192,1024,gpu,16,B_nccl_cublas,2,0.23757,0.23040,0.23757,0.10969,0,1
L-O,8192,8192,1024,gpu,16,E_allreduce,0,0.33587,0.31539,0.33178,0.09819,0,1
L-O,8192,8192,1024,gpu,16,c_cublas,6,0.09728,0.09523,0.09728,0.03694,0,1
L-O,8192,8192,1024,gpu,16,c_nccl_rs,3,0.13414,0.12902,0.13414,0.05134,0,1
L-O,8192,8192,1024,gpu,16,c_nccl_ar,5,0.23347,0.20890,0.22221,0.05459,0,1
L-O,8192,8192,1024,gpu,16,c_fluxgemm,4,0.09523,0.09318,0.09421,0.02123,0,1
L-O,8192,8192,1024,gpu,17,A_fused,2,0.18432,0.18125,0.18432,0.07359,0,1
L-O,8192,8192,1024,gpu,17,B_nccl_cublas,4,0.23654,0.23142,0.23450,0.10307,0,1
L-O,8192,8192,1024,gpu,17,E_allreduce,3,0.32563,0.31130,0.31846,0.10581,0,1
L-O,8192,8192,1024,gpu,17,c_cublas,5,0.09626,0.09421,0.09523,0.03370,0,1
L-O,8192,8192,1024,gpu,17,c_nccl_rs,6,0.14131,0.13517,0.13824,0.05008,0,1
L-O,8192,8192,1024,gpu,17,c_nccl_ar,1,0.24371,0.22733,0.24269,0.05281,0,1
L-O,8192,8192,1024,gpu,17,c_fluxgemm,0,0.09523,0.09318,0.09421,0.02277,0,1
L-O,8192,8192,1024,gpu,18,A_fused,0,0.16179,0.15872,0.15974,0.06733,0,1
L-O,8192,8192,1024,gpu,18,B_nccl_cublas,6,0.27750,0.26624,0.27546,0.09166,0,1
L-O,8192,8192,1024,gpu,18,E_allreduce,3,0.34406,0.32358,0.32973,0.10317,0,1
L-O,8192,8192,1024,gpu,18,c_cublas,4,0.09728,0.09523,0.09728,0.03611,0,1
L-O,8192,8192,1024,gpu,18,c_nccl_rs,1,0.13312,0.13005,0.13210,0.06757,0,1
L-O,8192,8192,1024,gpu,18,c_nccl_ar,2,0.22835,0.21606,0.21811,0.05226,0,1
L-O,8192,8192,1024,gpu,18,c_fluxgemm,5,0.09523,0.09421,0.09523,0.02170,0,1
L-O,8192,8192,1024,gpu,19,A_fused,2,0.17306,0.17101,0.17306,0.07565,0,1
L-O,8192,8192,1024,gpu,19,B_nccl_cublas,6,0.22835,0.22630,0.22835,0.09646,0,1
L-O,8192,8192,1024,gpu,19,E_allreduce,0,0.34304,0.32256,0.33075,0.09564,0,1
L-O,8192,8192,1024,gpu,19,c_cublas,3,0.09626,0.09421,0.09523,0.03498,0,1
L-O,8192,8192,1024,gpu,19,c_nccl_rs,5,0.15667,0.14848,0.15667,0.04898,0,1
L-O,8192,8192,1024,gpu,19,c_nccl_ar,1,0.24166,0.21811,0.22733,0.06285,0,1
L-O,8192,8192,1024,gpu,19,c_fluxgemm,4,0.09626,0.09421,0.09421,0.02116,0,1
L-O,8192,8192,1024,gpu,20,A_fused,4,0.18125,0.18022,0.18022,0.06594,0,1
L-O,8192,8192,1024,gpu,20,B_nccl_cublas,3,0.25805,0.23347,0.23962,0.10256,0,1
L-O,8192,8192,1024,gpu,20,E_allreduce,6,0.33382,0.31232,0.31949,0.10439,0,1
L-O,8192,8192,1024,gpu,20,c_cublas,2,0.09626,0.09523,0.09523,0.03893,0,1
L-O,8192,8192,1024,gpu,20,c_nccl_rs,5,0.14541,0.14234,0.14541,0.06786,0,1
L-O,8192,8192,1024,gpu,20,c_nccl_ar,1,0.23859,0.22323,0.23245,0.05322,0,1
L-O,8192,8192,1024,gpu,20,c_fluxgemm,0,0.09523,0.09318,0.09318,0.02160,0,1
L-O,8192,8192,1024,gpu,21,A_fused,4,0.17101,0.16998,0.17101,0.08347,0,1
L-O,8192,8192,1024,gpu,21,B_nccl_cublas,3,0.23040,0.22733,0.22938,0.11399,0,1
L-O,8192,8192,1024,gpu,21,E_allreduce,6,0.34202,0.31949,0.32563,0.08978,0,1
L-O,8192,8192,1024,gpu,21,c_cublas,5,0.09626,0.09421,0.09523,0.03756,0,1
L-O,8192,8192,1024,gpu,21,c_nccl_rs,0,0.13619,0.13005,0.13619,0.05562,0,1
L-O,8192,8192,1024,gpu,21,c_nccl_ar,1,0.23347,0.22118,0.22733,0.05042,0,1
L-O,8192,8192,1024,gpu,21,c_fluxgemm,2,0.09523,0.09318,0.09421,0.02254,0,1
L-O,8192,8192,1024,gpu,22,A_fused,0,0.18534,0.18227,0.18534,0.06672,0,1
L-O,8192,8192,1024,gpu,22,B_nccl_cublas,3,0.23654,0.23245,0.23654,0.10387,0,1
L-O,8192,8192,1024,gpu,22,E_allreduce,4,0.34099,0.32051,0.32563,0.09588,0,1
L-O,8192,8192,1024,gpu,22,c_cublas,6,0.09523,0.09421,0.09523,0.03601,0,1
L-O,8192,8192,1024,gpu,22,c_nccl_rs,5,0.13517,0.13210,0.13414,0.04888,0,1
L-O,8192,8192,1024,gpu,22,c_nccl_ar,2,0.24986,0.23245,0.24269,0.05376,0,1
L-O,8192,8192,1024,gpu,22,c_fluxgemm,1,0.09523,0.09421,0.09421,0.02038,0,1
L-O,8192,8192,1024,gpu,23,A_fused,3,0.17510,0.17203,0.17408,0.08311,0,1
L-O,8192,8192,1024,gpu,23,B_nccl_cublas,4,0.24474,0.24064,0.24474,0.10623,0,1
L-O,8192,8192,1024,gpu,23,E_allreduce,6,0.33997,0.32256,0.33587,0.09121,0,1
L-O,8192,8192,1024,gpu,23,c_cublas,5,0.09830,0.09626,0.09626,0.03720,0,1
L-O,8192,8192,1024,gpu,23,c_nccl_rs,2,0.13517,0.13005,0.13517,0.04766,0,1
L-O,8192,8192,1024,gpu,23,c_nccl_ar,1,0.24576,0.22528,0.23245,0.05376,0,1
L-O,8192,8192,1024,gpu,23,c_fluxgemm,0,0.09523,0.09318,0.09421,0.02189,0,1
L-O,8192,8192,1024,gpu,24,A_fused,5,0.16589,0.16384,0.16486,0.06434,0,1
L-O,8192,8192,1024,gpu,24,B_nccl_cublas,0,0.23040,0.22426,0.22938,0.10926,0,1
L-O,8192,8192,1024,gpu,24,E_allreduce,4,0.32870,0.31539,0.31949,0.09441,0,1
L-O,8192,8192,1024,gpu,24,c_cublas,2,0.09626,0.09421,0.09523,0.03447,0,1
L-O,8192,8192,1024,gpu,24,c_nccl_rs,1,0.13517,0.13107,0.13312,0.04511,0,1
L-O,8192,8192,1024,gpu,24,c_nccl_ar,6,0.23654,0.22016,0.23040,0.05002,0,1
L-O,8192,8192,1024,gpu,24,c_fluxgemm,3,0.09523,0.09318,0.09523,0.02748,0,1
L-O,8192,8192,1024,gpu,25,A_fused,1,0.19046,0.18739,0.18944,0.06466,0,1
L-O,8192,8192,1024,gpu,25,B_nccl_cublas,4,0.24269,0.23654,0.24269,0.09664,0,1
L-O,8192,8192,1024,gpu,25,E_allreduce,0,0.32870,0.31027,0.32358,0.09590,0,1
L-O,8192,8192,1024,gpu,25,c_cublas,5,0.09626,0.09421,0.09523,0.03330,0,1
L-O,8192,8192,1024,gpu,25,c_nccl_rs,6,0.17613,0.14746,0.17408,0.05907,0,1
L-O,8192,8192,1024,gpu,25,c_nccl_ar,3,0.24474,0.22426,0.23245,0.06047,0,1
L-O,8192,8192,1024,gpu,25,c_fluxgemm,2,0.09626,0.09318,0.09421,0.01976,0,1
L-O,8192,8192,1024,gpu,26,A_fused,5,0.18227,0.18022,0.18227,0.07909,0,1
L-O,8192,8192,1024,gpu,26,B_nccl_cublas,6,0.23859,0.23142,0.23654,0.11733,0,1
L-O,8192,8192,1024,gpu,26,E_allreduce,1,0.34304,0.32563,0.33382,0.10611,0,1
L-O,8192,8192,1024,gpu,26,c_cublas,3,0.09830,0.09523,0.09626,0.03755,0,1
L-O,8192,8192,1024,gpu,26,c_nccl_rs,4,0.14336,0.13926,0.14234,0.05074,0,1
L-O,8192,8192,1024,gpu,26,c_nccl_ar,2,0.23450,0.22016,0.22221,0.05054,0,1
L-O,8192,8192,1024,gpu,26,c_fluxgemm,0,0.10957,0.09421,0.09626,0.02379,0,1
L-O,8192,8192,1024,gpu,27,A_fused,0,0.18022,0.17715,0.17920,0.07501,0,1
L-O,8192,8192,1024,gpu,27,B_nccl_cublas,6,0.23962,0.23552,0.23962,0.11580,0,1
L-O,8192,8192,1024,gpu,27,E_allreduce,1,0.32973,0.31130,0.32051,0.09959,0,1
L-O,8192,8192,1024,gpu,27,c_cublas,4,0.09728,0.09421,0.09523,0.03709,0,1
L-O,8192,8192,1024,gpu,27,c_nccl_rs,2,0.14336,0.13926,0.14336,0.05081,0,1
L-O,8192,8192,1024,gpu,27,c_nccl_ar,5,0.23450,0.22118,0.22630,0.06031,0,1
L-O,8192,8192,1024,gpu,27,c_fluxgemm,3,0.09523,0.09318,0.09421,0.02214,0,1
L-O,8192,8192,1024,gpu,28,A_fused,3,0.17510,0.16998,0.17510,0.07451,0,1
L-O,8192,8192,1024,gpu,28,B_nccl_cublas,0,0.24371,0.23757,0.24064,0.11070,0,1
L-O,8192,8192,1024,gpu,28,E_allreduce,1,0.33792,0.31232,0.32051,0.09304,0,1
L-O,8192,8192,1024,gpu,28,c_cublas,5,0.09626,0.09421,0.09523,0.04320,0,1
L-O,8192,8192,1024,gpu,28,c_nccl_rs,2,0.13414,0.13107,0.13414,0.06043,0,1
L-O,8192,8192,1024,gpu,28,c_nccl_ar,4,0.23552,0.22118,0.22323,0.06468,0,1
L-O,8192,8192,1024,gpu,28,c_fluxgemm,6,0.09626,0.09318,0.09626,0.02168,0,1
L-O,8192,8192,1024,gpu,29,A_fused,4,0.18227,0.17818,0.18227,0.06704,0,1
L-O,8192,8192,1024,gpu,29,B_nccl_cublas,0,0.23654,0.22630,0.23654,0.10602,0,1
L-O,8192,8192,1024,gpu,29,E_allreduce,2,0.32870,0.31232,0.32358,0.09000,0,1
L-O,8192,8192,1024,gpu,29,c_cublas,1,0.09626,0.09421,0.09523,0.03386,0,1
L-O,8192,8192,1024,gpu,29,c_nccl_rs,5,0.14336,0.13722,0.13926,0.06915,0,1
L-O,8192,8192,1024,gpu,29,c_nccl_ar,6,0.23654,0.21811,0.23142,0.06349,0,1
L-O,8192,8192,1024,gpu,29,c_fluxgemm,3,0.09626,0.09421,0.09626,0.02090,0,1
