layer,N,K,M,mode,modal_sm_clock,t_fused,best_off,t_best_off,delta_med(A-best),delta_p10,delta_p90,verdict,speedup_off_over_fused,A-D,D-C,C-B,t_B,t_C,t_D,c_nccl_ag,c_flux_ag,c_cublas,c_fluxgemm
G-FC1,49152,12288,264,steady,1365,0.4343,B_nccl_cublas,0.3014,0.1326,0.1252,0.1390,off,0.694,0.0360,0.0433,0.0527,0.3014,0.3545,0.3979,0.0667,0.1227,0.2253,0.2645
G-FC1,49152,12288,2048,steady,1215,1.5364,B_nccl_cublas,1.6325,-0.0938,-0.1584,-0.0010,fused,1.063,-0.2741,0.1725,0.0051,1.6325,1.6403,1.8219,0.2883,0.2851,1.3426,1.4985
G-FC1,49152,12288,4096,steady,1170,2.6934,D_fluxag_fluxgemm,2.9256,-0.2419,-0.4363,-0.1121,fused,1.086,-0.2419,-0.1802,-0.0294,3.1571,3.1326,2.9256,0.5008,0.4702,2.6818,2.4665
G-FC1,49152,12288,16384,steady,1155,10.2802,C_fluxag_cublas,11.1496,-0.8680,-1.0968,-0.6148,fused,1.085,-1.0204,0.1465,-0.2040,11.3413,11.1496,11.3018,1.7556,1.5009,9.7956,9.9456
G-QKV,36864,12288,16384,gpu,1245,7.2412,D_fluxag_fluxgemm,8.6891,-1.4387,-1.5739,-1.3343,fused,1.200,-1.4387,-0.0804,-0.2355,9.0332,8.7762,8.6891,1.7828,1.5444,7.2366,7.1301
G-QKV,36864,12288,512,steady,1320,0.3760,B_nccl_cublas,0.3361,0.0385,0.0285,0.0497,off,0.894,-0.0429,0.0331,0.0496,0.3361,0.3860,0.4198,0.0994,0.1465,0.2305,0.2630
G-QKV,36864,12288,520,steady,1350,0.5109,B_nccl_cublas,0.4152,0.0953,0.0873,0.1036,off,0.813,0.0158,0.0296,0.0495,0.4152,0.4647,0.4956,0.0994,0.1455,0.3083,0.3354
G-QKV,36864,12288,4096,steady,1215,1.9304,D_fluxag_fluxgemm,2.2517,-0.3317,-0.4374,-0.2426,fused,1.166,-0.3317,-0.1770,-0.0335,2.4716,2.4375,2.2517,0.4954,0.4639,1.9662,1.7814
G-QKV,36864,12288,6144,steady,1170,3.0715,C_fluxag_cublas,3.3242,-0.2733,-0.4062,-0.1109,fused,1.082,-0.4140,0.1552,-0.0566,3.3896,3.3242,3.4790,0.7294,0.6392,2.6900,2.8651
G-QKV,36864,12288,8192,steady,1155,3.9781,C_fluxag_cublas,4.4804,-0.4949,-0.7041,-0.2947,fused,1.126,-0.6280,0.1587,-0.1066,4.5884,4.4804,4.5967,0.9461,0.8117,3.6637,3.8365
G-QKV,36864,12288,16384,steady,1140,7.8611,C_fluxag_cublas,8.7853,-0.9355,-1.1423,-0.6833,fused,1.118,-1.0672,0.1447,-0.1977,8.9758,8.7853,8.9139,1.7509,1.4995,7.3968,7.5926
L-GU,57344,8192,6144,steady,1185,3.2224,C_fluxag_cublas,3.3902,-0.1814,-0.3010,-0.0526,fused,1.052,-0.3569,0.1828,-0.0215,3.4089,3.3902,3.5604,0.5008,0.4682,2.9278,3.0997
L-GU,57344,8192,16384,steady,1155,7.9959,C_fluxag_cublas,8.6613,-0.6556,-0.8701,-0.4374,fused,1.083,-0.7154,0.0391,-0.1507,8.7844,8.6613,8.6932,1.2257,1.0409,7.7035,7.7520
L-QKV,10240,8192,4096,steady,1395,0.5288,C_fluxag_cublas,0.7494,-0.2211,-0.2361,-0.2062,fused,1.417,-0.3019,0.0814,-0.0003,0.7500,0.7494,0.8302,0.3421,0.3273,0.4058,0.4758
L-QKV,10240,8192,6144,steady,1335,0.6797,D_fluxag_fluxgemm,0.9917,-0.3109,-0.3282,-0.2960,fused,1.459,-0.3109,-0.0156,-0.0190,1.0235,1.0053,0.9917,0.4741,0.4472,0.5457,0.5299
L-QKV,10240,8192,8192,steady,1335,0.8255,C_fluxag_cublas,1.1979,-0.3715,-0.3928,-0.3446,fused,1.451,-0.4434,0.0756,-0.0848,1.2817,1.1979,1.2727,0.6547,0.5647,0.6241,0.6938
L-QKV,10240,8192,16384,steady,1260,1.4822,C_fluxag_cublas,2.3047,-0.8238,-0.9008,-0.7370,fused,1.555,-0.9374,0.1239,-0.1810,2.4776,2.3047,2.4250,1.2103,1.0290,1.2642,1.3699
