side,layer,dim0,dim1,M,mode,item,median_ms,n_kept
ag,qkv,1792,5120,64,gpu,c_cublas,0.03379,50
ag,qkv,1792,5120,64,gpu,c_fluxgemm,0.07680,50
ag,qkv,1792,5120,64,steady,c_cublas,0.02221,20
ag,qkv,1792,5120,64,steady,c_fluxgemm,0.05878,20
ag,qkv,1792,5120,192,gpu,c_cublas,0.03891,50
ag,qkv,1792,5120,192,gpu,c_fluxgemm,0.06042,50
ag,qkv,1792,5120,192,steady,c_cublas,0.03344,20
ag,qkv,1792,5120,192,steady,c_fluxgemm,0.05014,20
ag,qkv,1792,5120,320,gpu,c_cublas,0.04710,50
ag,qkv,1792,5120,320,gpu,c_fluxgemm,0.06451,50
ag,qkv,1792,5120,320,steady,c_cublas,0.03907,20
ag,qkv,1792,5120,320,steady,c_fluxgemm,0.05606,20
ag,qkv,1792,5120,448,gpu,c_cublas,0.05325,50
ag,qkv,1792,5120,448,gpu,c_fluxgemm,0.06656,50
ag,qkv,1792,5120,448,steady,c_cublas,0.04829,20
ag,qkv,1792,5120,448,steady,c_fluxgemm,0.06016,20
ag,qkv,1792,5120,768,gpu,c_cublas,0.07270,50
ag,qkv,1792,5120,768,gpu,c_fluxgemm,0.08192,50
ag,qkv,1792,5120,768,steady,c_cublas,0.07018,20
ag,qkv,1792,5120,768,steady,c_fluxgemm,0.07731,20
ag,qkv,1792,5120,1536,gpu,c_cublas,0.13414,50
ag,qkv,1792,5120,1536,gpu,c_fluxgemm,0.14438,50
ag,qkv,1792,5120,1536,steady,c_cublas,0.13472,20
ag,qkv,1792,5120,1536,steady,c_fluxgemm,0.14170,20
ag,qkv,1792,5120,3072,gpu,c_cublas,0.26214,50
ag,qkv,1792,5120,3072,gpu,c_fluxgemm,0.24371,50
ag,qkv,1792,5120,3072,steady,c_cublas,0.27360,20
ag,qkv,1792,5120,3072,steady,c_fluxgemm,0.25213,20
ag,gate_up,13824,5120,64,gpu,c_cublas,0.10445,50
ag,gate_up,13824,5120,64,gpu,c_fluxgemm,0.12698,50
ag,gate_up,13824,5120,64,steady,c_cublas,0.09165,20
ag,gate_up,13824,5120,64,steady,c_fluxgemm,0.11299,20
ag,gate_up,13824,5120,192,gpu,c_cublas,0.14336,50
ag,gate_up,13824,5120,192,gpu,c_fluxgemm,0.16691,50
ag,gate_up,13824,5120,192,steady,c_cublas,0.14451,20
ag,gate_up,13824,5120,192,steady,c_fluxgemm,0.16733,20
ag,gate_up,13824,5120,320,gpu,c_cublas,0.26522,50
ag,gate_up,13824,5120,320,gpu,c_fluxgemm,0.23040,50
ag,gate_up,13824,5120,320,steady,c_cublas,0.27293,20
ag,gate_up,13824,5120,320,steady,c_fluxgemm,0.23136,20
ag,gate_up,13824,5120,448,gpu,c_cublas,0.26317,50
ag,gate_up,13824,5120,448,gpu,c_fluxgemm,0.29491,50
ag,gate_up,13824,5120,448,steady,c_cublas,0.28688,20
ag,gate_up,13824,5120,448,steady,c_fluxgemm,0.31738,20
ag,gate_up,13824,5120,768,gpu,c_cublas,0.39322,50
ag,gate_up,13824,5120,768,gpu,c_fluxgemm,0.43213,50
ag,gate_up,13824,5120,768,steady,c_cublas,0.43850,20
ag,gate_up,13824,5120,768,steady,c_fluxgemm,0.47990,20
ag,gate_up,13824,5120,1536,gpu,c_cublas,0.77926,50
ag,gate_up,13824,5120,1536,gpu,c_fluxgemm,0.85709,50
ag,gate_up,13824,5120,1536,steady,c_cublas,0.85862,20
ag,gate_up,13824,5120,1536,steady,c_fluxgemm,0.94010,20
ag,gate_up,13824,5120,3072,gpu,c_cublas,1.61485,50
ag,gate_up,13824,5120,3072,gpu,c_fluxgemm,1.77050,50
ag,gate_up,13824,5120,3072,steady,c_cublas,1.71859,20
ag,gate_up,13824,5120,3072,steady,c_fluxgemm,1.86979,20
rs,o,5120,1280,64,gpu,c_cublas,0.02150,50
rs,o,5120,1280,64,gpu,c_fluxgemm_only,0.03174,50
rs,o,5120,1280,64,steady,c_cublas,0.01446,20
rs,o,5120,1280,64,steady,c_fluxgemm_only,0.02662,20
rs,o,5120,1280,192,gpu,c_cublas,0.02867,50
rs,o,5120,1280,192,gpu,c_fluxgemm_only,0.03686,50
rs,o,5120,1280,192,steady,c_cublas,0.02438,20
rs,o,5120,1280,192,steady,c_fluxgemm_only,0.03270,20
rs,o,5120,1280,320,gpu,c_cublas,0.03072,50
rs,o,5120,1280,320,gpu,c_fluxgemm_only,0.05018,50
rs,o,5120,1280,320,steady,c_cublas,0.02669,20
rs,o,5120,1280,320,steady,c_fluxgemm_only,0.04931,20
rs,o,5120,1280,448,gpu,c_cublas,0.04301,50
rs,o,5120,1280,448,gpu,c_fluxgemm_only,0.04608,50
rs,o,5120,1280,448,steady,c_cublas,0.03958,20
rs,o,5120,1280,448,steady,c_fluxgemm_only,0.04346,20
rs,o,5120,1280,768,gpu,c_cublas,0.07987,50
rs,o,5120,1280,768,gpu,c_fluxgemm_only,0.06554,50
rs,o,5120,1280,768,steady,c_cublas,0.07398,20
rs,o,5120,1280,768,steady,c_fluxgemm_only,0.06128,20
rs,o,5120,1280,1536,gpu,c_cublas,0.11469,50
rs,o,5120,1280,1536,gpu,c_fluxgemm_only,0.11366,50
rs,o,5120,1280,1536,steady,c_cublas,0.11200,20
rs,o,5120,1280,1536,steady,c_fluxgemm_only,0.11312,20
rs,o,5120,1280,3072,gpu,c_cublas,0.18739,50
rs,o,5120,1280,3072,gpu,c_fluxgemm_only,0.18432,50
rs,o,5120,1280,3072,steady,c_cublas,0.19446,20
rs,o,5120,1280,3072,steady,c_fluxgemm_only,0.19360,20
rs,down,5120,6912,64,gpu,c_cublas,0.06502,50
rs,down,5120,6912,64,gpu,c_fluxgemm_only,0.08294,50
rs,down,5120,6912,64,steady,c_cublas,0.05139,20
rs,down,5120,6912,64,steady,c_fluxgemm_only,0.07386,20
rs,down,5120,6912,192,gpu,c_cublas,0.10342,50
rs,down,5120,6912,192,gpu,c_fluxgemm_only,0.12595,50
rs,down,5120,6912,192,steady,c_cublas,0.09933,20
rs,down,5120,6912,192,steady,c_fluxgemm_only,0.11558,20
rs,down,5120,6912,320,gpu,c_cublas,0.13926,50
rs,down,5120,6912,320,gpu,c_fluxgemm_only,0.19968,50
rs,down,5120,6912,320,steady,c_cublas,0.13395,20
rs,down,5120,6912,320,steady,c_fluxgemm_only,0.21757,20
rs,down,5120,6912,448,gpu,c_cublas,0.17510,50
rs,down,5120,6912,448,gpu,c_fluxgemm_only,0.17920,50
rs,down,5120,6912,448,steady,c_cublas,0.17626,20
rs,down,5120,6912,448,steady,c_fluxgemm_only,0.18954,20
rs,down,5120,6912,768,gpu,c_cublas,0.27955,50
rs,down,5120,6912,768,gpu,c_fluxgemm_only,0.25293,50
rs,down,5120,6912,768,steady,c_cublas,0.28938,20
rs,down,5120,6912,768,steady,c_fluxgemm_only,0.26003,20
rs,down,5120,6912,1536,gpu,c_cublas,0.48128,50
rs,down,5120,6912,1536,gpu,c_fluxgemm_only,0.52429,50
rs,down,5120,6912,1536,steady,c_cublas,0.49517,20
rs,down,5120,6912,1536,steady,c_fluxgemm_only,0.55043,20
rs,down,5120,6912,3072,gpu,c_cublas,0.86118,50
rs,down,5120,6912,3072,gpu,c_fluxgemm_only,0.90829,50
rs,down,5120,6912,3072,steady,c_cublas,0.95613,20
rs,down,5120,6912,3072,steady,c_fluxgemm_only,0.98598,20
