tp,side,layer,dim0,dim1,M,mode,flux_cfg,tuned_for,tile,sk,raster,pred_A,pred_B,pred_C,pred_D,pred_pick,pred_margin,eps,probe_margin,probe_pcie,probe_arms,thr512_pick,probe_margin_eps5,probe_arms_eps5
8,ag,Q-GU,7392,8192,16,gpu,fallback,none,128-128-64,SK,M,0.22915,0.12982,0.19931,0.24288,B,0.5354,0.1068,0,0,,B,0,
8,ag,Q-GU,7392,8192,64,gpu,fallback,none,128-128-64,SK,M,0.23392,0.14254,0.20369,0.24764,B,0.4290,0.1068,0,0,,B,0,
8,ag,Q-GU,7392,8192,136,gpu,fallback,none,128-128-64,SK,M,0.26484,0.20135,0.25799,0.27856,B,0.2813,0.1068,0,0,,B,0,
8,ag,Q-GU,7392,8192,256,gpu,fallback,none,128-128-64,SK,M,0.27828,0.24476,0.29792,0.29201,B,0.1370,0.1068,0,0,,B,0,
8,ag,Q-GU,7392,8192,512,gpu,fallback,none,128-128-64,SK,M,0.41532,0.37469,0.42463,0.42904,B,0.1084,0.1068,0,0,,B,0,
8,ag,Q-GU,7392,8192,1024,gpu,fallback,none,128-128-64,SK,M,0.68911,0.64057,0.68574,0.70283,B,0.0705,0.1068,1,0,B|C,A,0,
8,ag,Q-GU,7392,8192,2048,gpu,fallback,none,128-128-64,SK,M,1.20550,1.17276,1.20903,1.24476,B,0.0279,0.1068,1,0,A|B,A,1,A|B
8,ag,Q-GU,7392,8192,3072,gpu,fallback,none,128-128-64,SK,M,1.59953,1.69259,1.72284,1.77506,A,0.0582,0.1068,1,0,A|B,A,0,
8,ag,Q-GU,7392,8192,4096,gpu,fallback,none,128-128-64,SK,M,2.01877,2.22077,2.24471,2.31275,A,0.1001,0.1068,1,0,A|B,A,0,
8,ag,Q-GU,7392,8192,8192,gpu,fallback,none,128-128-64,SK,M,3.94854,4.34635,4.31066,4.44004,A,0.0917,0.1068,1,0,A|C,A,0,
8,ag,Q-GU,7392,8192,16,steady,fallback,none,128-128-64,SK,M,0.21353,0.11081,0.17316,0.22543,B,0.5627,0.1063,0,0,,B,0,
8,ag,Q-GU,7392,8192,64,steady,fallback,none,128-128-64,SK,M,0.21732,0.11394,0.17640,0.22921,B,0.5482,0.1063,0,0,,B,0,
8,ag,Q-GU,7392,8192,136,steady,fallback,none,128-128-64,SK,M,0.25146,0.16923,0.23270,0.26336,B,0.3750,0.1063,0,0,,B,0,
8,ag,Q-GU,7392,8192,256,steady,fallback,none,128-128-64,SK,M,0.26234,0.21263,0.27312,0.27423,B,0.2338,0.1063,0,0,,B,0,
8,ag,Q-GU,7392,8192,512,steady,fallback,none,128-128-64,SK,M,0.40543,0.35841,0.41307,0.41732,B,0.1312,0.1063,0,0,,B,0,
8,ag,Q-GU,7392,8192,1024,steady,fallback,none,128-128-64,SK,M,0.68785,0.65781,0.69784,0.69974,B,0.0457,0.1063,1,0,A|B,A,1,A|B
8,ag,Q-GU,7392,8192,2048,steady,fallback,none,128-128-64,SK,M,1.24478,1.25203,1.27581,1.26708,A,0.0058,0.1063,1,0,A|B,A,1,A|B
8,ag,Q-GU,7392,8192,3072,steady,fallback,none,128-128-64,SK,M,1.66701,1.83108,1.83535,1.81439,A,0.0884,0.1063,1,0,A|D,A,0,
8,ag,Q-GU,7392,8192,4096,steady,fallback,none,128-128-64,SK,M,2.12837,2.41782,2.42282,2.38918,A,0.1225,0.1063,0,0,,A,0,
8,ag,Q-GU,7392,8192,8192,steady,fallback,none,128-128-64,SK,M,4.18208,4.77416,4.73509,4.64947,A,0.1118,0.1063,0,0,,A,0,
8,rs,Q-down,8192,3696,16,gpu,fallback,none,128-128-32,SK,H,0.14512,0.08865,,,B,0.6370,0.1068,0,0,,B,0,
8,rs,Q-down,8192,3696,64,gpu,fallback,none,128-128-32,SK,H,0.14675,0.10256,,,B,0.4309,0.1068,0,0,,B,0,
8,rs,Q-down,8192,3696,136,gpu,fallback,none,128-128-32,SK,H,0.17062,0.13932,,,B,0.2246,0.1068,0,0,,B,0,
8,rs,Q-down,8192,3696,256,gpu,fallback,none,128-128-32,SK,H,0.17520,0.17048,,,B,0.0277,0.1068,1,0,A|B,B,1,A|B
8,rs,Q-down,8192,3696,512,gpu,fallback,none,128-128-32,SK,H,0.23009,0.24894,,,A,0.0819,0.1068,1,0,A|B,B,0,
8,rs,Q-down,8192,3696,1024,gpu,fallback,none,128-128-32,SK,H,0.34325,0.40216,,,A,0.1716,0.1068,0,0,,A,0,
8,rs,Q-down,8192,3696,2048,gpu,fallback,none,128-128-32,SK,H,0.57309,0.70115,,,A,0.2235,0.1068,0,0,,A,0,
8,rs,Q-down,8192,3696,3072,gpu,fallback,none,128-128-32,SK,H,0.80420,0.99188,,,A,0.2334,0.1068,0,0,,A,0,
8,rs,Q-down,8192,3696,4096,gpu,fallback,none,128-128-32,SK,H,1.03575,1.28768,,,A,0.2432,0.1068,0,0,,A,0,
8,rs,Q-down,8192,3696,8192,gpu,fallback,none,128-128-32,SK,H,1.96319,2.47750,,,A,0.2620,0.1068,0,0,,A,0,
8,rs,Q-down,8192,3696,16,steady,fallback,none,128-128-32,SK,H,0.08578,0.07697,,,B,0.1145,0.1063,0,0,,B,0,
8,rs,Q-down,8192,3696,64,steady,fallback,none,128-128-32,SK,H,0.08675,0.07904,,,B,0.0975,0.1063,1,0,A|B,B,0,
8,rs,Q-down,8192,3696,136,steady,fallback,none,128-128-32,SK,H,0.11627,0.11037,,,B,0.0534,0.1063,1,0,A|B,B,0,
8,rs,Q-down,8192,3696,256,steady,fallback,none,128-128-32,SK,H,0.11870,0.14001,,,A,0.1796,0.1063,0,0,,B,0,
8,rs,Q-down,8192,3696,512,steady,fallback,none,128-128-32,SK,H,0.18498,0.22568,,,A,0.2201,0.1063,0,0,,B,0,
8,rs,Q-down,8192,3696,1024,steady,fallback,none,128-128-32,SK,H,0.31753,0.39421,,,A,0.2415,0.1063,0,0,,A,0,
8,rs,Q-down,8192,3696,2048,steady,fallback,none,128-128-32,SK,H,0.58264,0.72083,,,A,0.2372,0.1063,0,0,,A,0,
8,rs,Q-down,8192,3696,3072,steady,fallback,none,128-128-32,SK,H,0.84775,1.04319,,,A,0.2305,0.1063,0,0,,A,0,
8,rs,Q-down,8192,3696,4096,steady,fallback,none,128-128-32,SK,H,1.11286,1.36900,,,A,0.2302,0.1063,0,0,,A,0,
8,rs,Q-down,8192,3696,8192,steady,fallback,none,128-128-32,SK,H,2.17329,2.67342,,,A,0.2301,0.1063,0,0,,A,0,
8,ag,L8-QKV,768,4096,16,gpu,fallback,none,128-128-64,SK,M,0.13732,0.05007,0.11976,0.15105,B,1.3921,0.1068,0,0,,B,0,
8,ag,L8-QKV,768,4096,64,gpu,fallback,none,128-128-64,SK,M,0.14023,0.05646,0.12255,0.15396,B,1.1707,0.1068,0,0,,B,0,
8,ag,L8-QKV,768,4096,136,gpu,fallback,none,128-128-64,SK,M,0.14424,0.06724,0.12834,0.15797,B,0.9087,0.1068,0,0,,B,0,
8,ag,L8-QKV,768,4096,256,gpu,fallback,none,128-128-64,SK,M,0.15169,0.07993,0.13689,0.16541,B,0.7126,0.1068,0,0,,B,0,
8,ag,L8-QKV,768,4096,512,gpu,fallback,none,128-128-64,SK,M,0.17171,0.10463,0.15779,0.18543,B,0.5080,0.1068,0,0,,B,0,
8,ag,L8-QKV,768,4096,1024,gpu,fallback,none,128-128-64,SK,M,0.20229,0.13894,0.18889,0.21601,B,0.3594,0.1068,0,0,,A,0,
8,ag,L8-QKV,768,4096,2048,gpu,fallback,none,128-128-64,SK,M,0.26305,0.20571,0.25088,0.27677,B,0.2196,0.1068,0,0,,A,0,
8,ag,L8-QKV,768,4096,3072,gpu,fallback,none,128-128-64,SK,M,0.32799,0.27662,0.31850,0.34311,B,0.1514,0.1068,0,0,,A,0,
8,ag,L8-QKV,768,4096,4096,gpu,fallback,none,128-128-64,SK,M,0.37764,0.33305,0.36931,0.39264,B,0.1089,0.1068,0,0,,A,0,
8,ag,L8-QKV,768,4096,8192,gpu,fallback,none,128-128-64,SK,M,0.41934,0.56646,0.59040,0.60851,A,0.3509,0.1068,0,0,,A,0,
8,ag,L8-QKV,768,4096,16,steady,fallback,none,128-128-64,SK,M,0.12100,0.04203,0.10464,0.13289,B,1.4893,0.1063,0,0,,B,0,
8,ag,L8-QKV,768,4096,64,steady,fallback,none,128-128-64,SK,M,0.12268,0.04439,0.10615,0.13458,B,1.3912,0.1063,0,0,,B,0,
8,ag,L8-QKV,768,4096,136,steady,fallback,none,128-128-64,SK,M,0.12579,0.04807,0.11094,0.13769,B,1.3082,0.1063,0,0,,B,0,
8,ag,L8-QKV,768,4096,256,steady,fallback,none,128-128-64,SK,M,0.13138,0.05422,0.11782,0.14327,B,1.1729,0.1063,0,0,,B,0,
8,ag,L8-QKV,768,4096,512,steady,fallback,none,128-128-64,SK,M,0.14920,0.07583,0.13632,0.16110,B,0.7978,0.1063,0,0,,B,0,
8,ag,L8-QKV,768,4096,1024,steady,fallback,none,128-128-64,SK,M,0.17918,0.11229,0.16695,0.19107,B,0.4868,0.1063,0,0,,A,0,
8,ag,L8-QKV,768,4096,2048,steady,fallback,none,128-128-64,SK,M,0.23535,0.18460,0.22463,0.24725,B,0.2169,0.1063,0,0,,A,0,
8,ag,L8-QKV,768,4096,3072,steady,fallback,none,128-128-64,SK,M,0.28016,0.26010,0.27233,0.29338,B,0.0470,0.1063,1,0,B|C,A,1,B|C
8,ag,L8-QKV,768,4096,4096,steady,fallback,none,128-128-64,SK,M,0.34897,0.31884,0.34262,0.36209,B,0.0746,0.1063,1,0,B|C,A,0,
8,ag,L8-QKV,768,4096,8192,steady,fallback,none,128-128-64,SK,M,0.39135,0.56108,0.56609,0.57921,A,0.4337,0.1063,0,0,,A,0,
8,ag,L8-GU,3584,4096,16,gpu,fallback,none,128-128-64,SK,M,0.15549,0.06574,0.13544,0.16921,B,1.0602,0.1068,0,0,,B,0,
8,ag,L8-GU,3584,4096,64,gpu,fallback,none,128-128-64,SK,M,0.15861,0.07227,0.13837,0.17233,B,0.9145,0.1068,0,0,,B,0,
8,ag,L8-GU,3584,4096,136,gpu,fallback,none,128-128-64,SK,M,0.16671,0.09169,0.15279,0.18043,B,0.6664,0.1068,0,0,,B,0,
8,ag,L8-GU,3584,4096,256,gpu,fallback,none,128-128-64,SK,M,0.17355,0.10938,0.16634,0.18727,B,0.5208,0.1068,0,0,,B,0,
8,ag,L8-GU,3584,4096,512,gpu,fallback,none,128-128-64,SK,M,0.21677,0.15455,0.20771,0.23050,B,0.3439,0.1068,0,0,,B,0,
8,ag,L8-GU,3584,4096,1024,gpu,fallback,none,128-128-64,SK,M,0.29242,0.23131,0.28125,0.30614,B,0.2159,0.1068,0,0,,A,0,
8,ag,L8-GU,3584,4096,2048,gpu,fallback,none,128-128-64,SK,M,0.42390,0.38417,0.42933,0.45703,B,0.1034,0.1068,1,0,A|B,A,0,
8,ag,L8-GU,3584,4096,3072,gpu,fallback,none,128-128-64,SK,M,0.55760,0.54155,0.58342,0.61350,B,0.0296,0.1068,1,0,A|B,A,1,A|B
8,ag,L8-GU,3584,4096,4096,gpu,fallback,none,128-128-64,SK,M,0.58623,0.68455,0.72081,0.75315,A,0.1677,0.1068,0,0,,A,0,
8,ag,L8-GU,3584,4096,8192,gpu,fallback,none,128-128-64,SK,M,1.03476,1.26458,1.28852,1.32954,A,0.2221,0.1068,0,0,,A,0,
8,ag,L8-GU,3584,4096,16,steady,fallback,none,128-128-64,SK,M,0.13953,0.05572,0.11832,0.15142,B,1.1236,0.1063,0,0,,B,0,
8,ag,L8-GU,3584,4096,64,steady,fallback,none,128-128-64,SK,M,0.14143,0.05819,0.11995,0.15332,B,1.0613,0.1063,0,0,,B,0,
8,ag,L8-GU,3584,4096,136,steady,fallback,none,128-128-64,SK,M,0.14970,0.07129,0.13417,0.16159,B,0.8820,0.1063,0,0,,B,0,
8,ag,L8-GU,3584,4096,256,steady,fallback,none,128-128-64,SK,M,0.15480,0.08302,0.14661,0.16670,B,0.7661,0.1063,0,0,,B,0,
8,ag,L8-GU,3584,4096,512,steady,fallback,none,128-128-64,SK,M,0.19706,0.12787,0.18837,0.20896,B,0.4731,0.1063,0,0,,B,0,
8,ag,L8-GU,3584,4096,1024,steady,fallback,none,128-128-64,SK,M,0.27490,0.21247,0.26713,0.28679,B,0.2573,0.1063,0,0,,A,0,
8,ag,L8-GU,3584,4096,2048,steady,fallback,none,128-128-64,SK,M,0.41242,0.38214,0.42218,0.43869,B,0.0792,0.1063,1,0,A|B,A,0,
8,ag,L8-GU,3584,4096,3072,steady,fallback,none,128-128-64,SK,M,0.54824,0.55531,0.56754,0.58054,A,0.0129,0.1063,1,0,A|B,A,1,A|B
8,ag,L8-GU,3584,4096,4096,steady,fallback,none,128-128-64,SK,M,0.60105,0.71180,0.73558,0.74497,A,0.1842,0.1063,0,0,,A,0,
8,ag,L8-GU,3584,4096,8192,steady,fallback,none,128-128-64,SK,M,1.08332,1.34523,1.35024,1.34497,A,0.2415,0.1063,0,0,,A,0,
8,rs,L8-O,4096,512,16,gpu,fallback,none,128-128-32,SK,H,0.05016,0.04933,,,B,0.0169,0.1068,1,0,A|B,B,1,A|B
8,rs,L8-O,4096,512,64,gpu,fallback,none,128-128-32,SK,H,0.05102,0.05536,,,A,0.0850,0.1068,1,0,A|B,B,0,
8,rs,L8-O,4096,512,136,gpu,fallback,none,128-128-32,SK,H,0.05397,0.06647,,,A,0.2314,0.1068,0,0,,B,0,
8,rs,L8-O,4096,512,256,gpu,fallback,none,128-128-32,SK,H,0.05693,0.07931,,,A,0.3931,0.1068,0,0,,B,0,
8,rs,L8-O,4096,512,512,gpu,fallback,none,128-128-32,SK,H,0.06628,0.10286,,,A,0.5520,0.1068,0,0,,B,0,
8,rs,L8-O,4096,512,1024,gpu,fallback,none,128-128-32,SK,H,0.08529,0.13578,,,A,0.5919,0.1068,0,0,,A,0,
8,rs,L8-O,4096,512,2048,gpu,fallback,none,128-128-32,SK,H,0.12353,0.19420,,,A,0.5720,0.1068,0,0,,A,0,
8,rs,L8-O,4096,512,3072,gpu,fallback,none,128-128-32,SK,H,0.16183,0.25196,,,A,0.5570,0.1068,0,0,,A,0,
8,rs,L8-O,4096,512,4096,gpu,fallback,none,128-128-32,SK,H,0.20014,0.30052,,,A,0.5015,0.1068,0,0,,A,0,
8,rs,L8-O,4096,512,8192,gpu,fallback,none,128-128-32,SK,H,0.35343,0.49954,,,A,0.4134,0.1068,0,0,,A,0,
8,rs,L8-O,4096,512,16,steady,fallback,none,128-128-32,SK,H,0.05488,0.04306,,,B,0.2745,0.1063,0,0,,B,0,
8,rs,L8-O,4096,512,64,steady,fallback,none,128-128-32,SK,H,0.05596,0.04429,,,B,0.2636,0.1063,0,0,,B,0,
8,rs,L8-O,4096,512,136,steady,fallback,none,128-128-32,SK,H,0.05902,0.04722,,,B,0.2498,0.1063,0,0,,B,0,
8,rs,L8-O,4096,512,256,steady,fallback,none,128-128-32,SK,H,0.06229,0.05370,,,B,0.1599,0.1063,0,0,,B,0,
8,rs,L8-O,4096,512,512,steady,fallback,none,128-128-32,SK,H,0.07215,0.07418,,,A,0.0281,0.1063,1,0,A|B,B,1,A|B
8,rs,L8-O,4096,512,1024,steady,fallback,none,128-128-32,SK,H,0.09188,0.10777,,,A,0.1729,0.1063,0,0,,A,0,
8,rs,L8-O,4096,512,2048,steady,fallback,none,128-128-32,SK,H,0.13133,0.16806,,,A,0.2796,0.1063,0,0,,A,0,
8,rs,L8-O,4096,512,3072,steady,fallback,none,128-128-32,SK,H,0.17079,0.22427,,,A,0.3131,0.1063,0,0,,A,0,
8,rs,L8-O,4096,512,4096,steady,fallback,none,128-128-32,SK,H,0.21025,0.27546,,,A,0.3102,0.1063,0,0,,A,0,
8,rs,L8-O,4096,512,8192,steady,fallback,none,128-128-32,SK,H,0.36807,0.48349,,,A,0.3136,0.1063,0,0,,A,0,
8,rs,L8-down,4096,1792,16,gpu,fallback,none,128-128-32,SK,H,0.06781,0.05645,,,B,0.2013,0.1068,0,0,,B,0,
8,rs,L8-down,4096,1792,64,gpu,fallback,none,128-128-32,SK,H,0.06867,0.06255,,,B,0.0978,0.1068,1,0,A|B,B,0,
8,rs,L8-down,4096,1792,136,gpu,fallback,none,128-128-32,SK,H,0.07519,0.07758,,,A,0.0317,0.1068,1,0,A|B,B,1,A|B
8,rs,L8-down,4096,1792,256,gpu,fallback,none,128-128-32,SK,H,0.07778,0.09268,,,A,0.1915,0.1068,0,0,,B,0,
8,rs,L8-down,4096,1792,512,gpu,fallback,none,128-128-32,SK,H,0.09423,0.12549,,,A,0.3318,0.1068,0,0,,B,0,
8,rs,L8-down,4096,1792,1024,gpu,fallback,none,128-128-32,SK,H,0.12799,0.17756,,,A,0.3873,0.1068,0,0,,A,0,
8,rs,L8-down,4096,1792,2048,gpu,fallback,none,128-128-32,SK,H,0.19629,0.27482,,,A,0.4000,0.1068,0,0,,A,0,
8,rs,L8-down,4096,1792,3072,gpu,fallback,none,128-128-32,SK,H,0.26484,0.37156,,,A,0.4030,0.1068,0,0,,A,0,
8,rs,L8-down,4096,1792,4096,gpu,fallback,none,128-128-32,SK,H,0.33346,0.45915,,,A,0.3769,0.1068,0,0,,A,0,
8,rs,L8-down,4096,1792,8192,gpu,fallback,none,128-128-32,SK,H,0.60816,0.81440,,,A,0.3391,0.1068,0,0,,A,0,
8,rs,L8-down,4096,1792,16,steady,fallback,none,128-128-32,SK,H,0.06058,0.04928,,,B,0.2292,0.1063,0,0,,B,0,
8,rs,L8-down,4096,1792,64,steady,fallback,none,128-128-32,SK,H,0.06124,0.05056,,,B,0.2114,0.1063,0,0,,B,0,
8,rs,L8-down,4096,1792,136,steady,fallback,none,128-128-32,SK,H,0.06864,0.05777,,,B,0.1881,0.1063,0,0,,B,0,
8,rs,L8-down,4096,1792,256,steady,fallback,none,128-128-32,SK,H,0.07061,0.06676,,,B,0.0576,0.1063,1,0,A|B,B,0,
8,rs,L8-down,4096,1792,512,steady,fallback,none,128-128-32,SK,H,0.08880,0.09775,,,A,0.1009,0.1063,1,0,A|B,B,0,
8,rs,L8-down,4096,1792,1024,steady,fallback,none,128-128-32,SK,H,0.12517,0.15310,,,A,0.2231,0.1063,0,0,,A,0,
8,rs,L8-down,4096,1792,2048,steady,fallback,none,128-128-32,SK,H,0.19792,0.25738,,,A,0.3004,0.1063,0,0,,A,0,
8,rs,L8-down,4096,1792,3072,steady,fallback,none,128-128-32,SK,H,0.27067,0.35771,,,A,0.3216,0.1063,0,0,,A,0,
8,rs,L8-down,4096,1792,4096,steady,fallback,none,128-128-32,SK,H,0.34342,0.45306,,,A,0.3192,0.1063,0,0,,A,0,
8,rs,L8-down,4096,1792,8192,steady,fallback,none,128-128-32,SK,H,0.63442,0.83779,,,A,0.3206,0.1063,0,0,,A,0,
4,ag,L-QKV,2560,8192,16,gpu,fallback,none,128-128-64,SK,M,0.12975,0.06817,0.10986,0.14340,B,0.6115,0.1073,0,0,,B,0,
4,ag,L-QKV,2560,8192,64,gpu,fallback,none,128-128-64,SK,M,0.13612,0.08544,0.11595,0.14977,B,0.3570,0.1073,0,0,,B,0,
4,ag,L-QKV,2560,8192,136,gpu,fallback,none,128-128-64,SK,M,0.15110,0.11693,0.14003,0.16475,B,0.1976,0.1073,0,0,,B,0,
4,ag,L-QKV,2560,8192,256,gpu,fallback,none,128-128-64,SK,M,0.16211,0.14462,0.16054,0.17575,B,0.1100,0.1073,0,0,,B,0,
4,ag,L-QKV,2560,8192,512,gpu,fallback,none,128-128-64,SK,M,0.21767,0.19787,0.21321,0.23132,B,0.0775,0.1073,1,0,B|C,B,0,
4,ag,L-QKV,2560,8192,1024,gpu,fallback,none,128-128-64,SK,M,0.32849,0.30745,0.32073,0.34213,B,0.0432,0.1073,1,0,B|C,A,1,B|C
4,ag,L-QKV,2560,8192,2048,gpu,fallback,none,128-128-64,SK,M,0.46672,0.53288,0.53607,0.56189,A,0.1417,0.1073,0,0,,A,0,
4,ag,L-QKV,2560,8192,3072,gpu,fallback,none,128-128-64,SK,M,0.65282,0.76236,0.74466,0.77428,A,0.1407,0.1073,0,0,,A,0,
4,ag,L-QKV,2560,8192,4096,gpu,fallback,none,128-128-64,SK,M,0.77308,0.99305,0.97072,1.00393,A,0.2557,0.1073,0,0,,A,0,
4,ag,L-QKV,2560,8192,8192,gpu,fallback,none,128-128-64,SK,M,1.46649,1.90406,1.82890,1.87598,A,0.2471,0.1073,0,0,,A,0,
4,ag,L-QKV,2560,8192,16,steady,fallback,none,128-128-64,SK,M,0.11704,0.06638,0.09259,0.12715,B,0.3948,0.1073,0,0,,B,0,
4,ag,L-QKV,2560,8192,64,steady,fallback,none,128-128-64,SK,M,0.12071,0.06762,0.09589,0.13082,B,0.4181,0.1073,0,0,,B,0,
4,ag,L-QKV,2560,8192,136,steady,fallback,none,128-128-64,SK,M,0.13557,0.09603,0.11844,0.14568,B,0.2334,0.1073,0,0,,B,0,
4,ag,L-QKV,2560,8192,256,steady,fallback,none,128-128-64,SK,M,0.14398,0.12450,0.13738,0.15409,B,0.1035,0.1073,1,0,B|C,B,0,
4,ag,L-QKV,2560,8192,512,steady,fallback,none,128-128-64,SK,M,0.20288,0.18152,0.19531,0.21299,B,0.0760,0.1073,1,0,B|C,B,0,
4,ag,L-QKV,2560,8192,1024,steady,fallback,none,128-128-64,SK,M,0.31835,0.30499,0.31166,0.32846,B,0.0219,0.1073,1,0,B|C,A,1,B|C
4,ag,L-QKV,2560,8192,2048,steady,fallback,none,128-128-64,SK,M,0.46890,0.55102,0.54158,0.55474,A,0.1550,0.1073,0,0,,A,0,
4,ag,L-QKV,2560,8192,3072,steady,fallback,none,128-128-64,SK,M,0.66455,0.79861,0.76902,0.77805,A,0.1572,0.1073,0,0,,A,0,
4,ag,L-QKV,2560,8192,4096,steady,fallback,none,128-128-64,SK,M,0.79507,1.04756,1.01326,1.01802,A,0.2744,0.1073,0,0,,A,0,
4,ag,L-QKV,2560,8192,8192,steady,fallback,none,128-128-64,SK,M,1.52289,2.03272,1.94620,1.93351,A,0.2696,0.1073,0,0,,A,0,
4,ag,L-GU,14336,8192,16,gpu,fallback,none,128-128-64,SK,M,0.28416,0.19874,0.24043,0.29781,B,0.2097,0.1073,0,0,,B,0,
4,ag,L-GU,14336,8192,64,gpu,fallback,none,128-128-64,SK,M,0.29143,0.21661,0.24711,0.30507,B,0.1408,0.1073,0,0,,B,0,
4,ag,L-GU,14336,8192,136,gpu,fallback,none,128-128-64,SK,M,0.34087,0.31868,0.34178,0.35452,B,0.0696,0.1073,1,0,A|B,B,0,
4,ag,L-GU,14336,8192,256,gpu,fallback,none,128-128-64,SK,M,0.35182,0.38712,0.40303,0.36546,A,0.0388,0.1073,1,0,A|D,B,1,A|D
4,ag,L-GU,14336,8192,512,gpu,fallback,none,128-128-64,SK,M,0.59717,0.61104,0.62638,0.61081,A,0.0228,0.1073,1,0,A|D,B,1,A|D
4,ag,L-GU,14336,8192,1024,gpu,fallback,none,128-128-64,SK,M,1.08748,1.07674,1.09002,1.10113,B,0.0100,0.1073,1,0,A|B,A,1,A|B
4,ag,L-GU,14336,8192,2048,gpu,fallback,none,128-128-64,SK,M,1.98391,2.02665,2.02984,2.07989,A,0.0215,0.1073,1,0,A|B,A,1,A|B
4,ag,L-GU,14336,8192,3072,gpu,fallback,none,128-128-64,SK,M,2.92981,2.98451,2.96682,3.05127,A,0.0126,0.1073,1,0,A|C,A,1,A|C
4,ag,L-GU,14336,8192,4096,gpu,fallback,none,128-128-64,SK,M,3.80906,3.94483,3.92250,4.03992,A,0.0298,0.1073,1,0,A|C,A,1,A|C
4,ag,L-GU,14336,8192,8192,gpu,fallback,none,128-128-64,SK,M,7.53846,7.77797,7.70281,7.94795,A,0.0218,0.1073,1,0,A|C,A,1,A|C
4,ag,L-GU,14336,8192,16,steady,fallback,none,128-128-64,SK,M,0.27001,0.18035,0.20656,0.28012,B,0.1453,0.1073,0,0,,B,0,
4,ag,L-GU,14336,8192,64,steady,fallback,none,128-128-64,SK,M,0.27457,0.18208,0.21035,0.28468,B,0.1553,0.1073,0,0,,B,0,
4,ag,L-GU,14336,8192,136,steady,fallback,none,128-128-64,SK,M,0.33771,0.28922,0.31163,0.34783,B,0.0775,0.1073,1,0,B|C,B,0,
4,ag,L-GU,14336,8192,256,steady,fallback,none,128-128-64,SK,M,0.34612,0.36404,0.37693,0.35623,A,0.0292,0.1073,1,0,A|D,B,1,A|D
4,ag,L-GU,14336,8192,512,steady,fallback,none,128-128-64,SK,M,0.60716,0.61648,0.63027,0.61727,A,0.0154,0.1073,1,0,A|B,B,1,A|B
4,ag,L-GU,14336,8192,1024,steady,fallback,none,128-128-64,SK,M,1.12692,1.14515,1.15183,1.13703,A,0.0090,0.1073,1,0,A|D,A,1,A|D
4,ag,L-GU,14336,8192,2048,steady,fallback,none,128-128-64,SK,M,2.08519,2.21137,2.20192,2.17187,A,0.0416,0.1073,1,0,A|D,A,1,A|D
4,ag,L-GU,14336,8192,3072,steady,fallback,none,128-128-64,SK,M,3.09024,3.28180,3.25222,3.20375,A,0.0367,0.1073,1,0,A|D,A,1,A|D
4,ag,L-GU,14336,8192,4096,steady,fallback,none,128-128-64,SK,M,4.02933,4.35437,4.32007,4.25228,A,0.0553,0.1073,1,0,A|D,A,0,
4,ag,L-GU,14336,8192,8192,steady,fallback,none,128-128-64,SK,M,7.99141,8.63608,8.54956,8.40204,A,0.0514,0.1073,1,0,A|D,A,0,
4,rs,L-O,8192,2048,16,gpu,fallback,none,128-128-32,SK,H,0.08915,0.06318,,,B,0.4109,0.1073,0,0,,B,0,
4,rs,L-O,8192,2048,64,gpu,fallback,none,128-128-32,SK,H,0.09012,0.08077,,,B,0.1158,0.1073,0,0,,B,0,
4,rs,L-O,8192,2048,136,gpu,fallback,none,128-128-32,SK,H,0.10449,0.10833,,,A,0.0368,0.1073,1,0,A|B,B,1,A|B
4,rs,L-O,8192,2048,256,gpu,fallback,none,128-128-32,SK,H,0.10812,0.13238,,,A,0.2243,0.1073,0,0,,B,0,
4,rs,L-O,8192,2048,512,gpu,fallback,none,128-128-32,SK,H,0.14312,0.17684,,,A,0.2356,0.1073,0,0,,B,0,
4,rs,L-O,8192,2048,1024,gpu,fallback,none,128-128-32,SK,H,0.21553,0.27065,,,A,0.2557,0.1073,0,0,,A,0,
4,rs,L-O,8192,2048,2048,gpu,fallback,none,128-128-32,SK,H,0.36231,0.45989,,,A,0.2693,0.1073,0,0,,A,0,
4,rs,L-O,8192,2048,3072,gpu,fallback,none,128-128-32,SK,H,0.50967,0.64961,,,A,0.2746,0.1073,0,0,,A,0,
4,rs,L-O,8192,2048,4096,gpu,fallback,none,128-128-32,SK,H,0.65720,0.84221,,,A,0.2815,0.1073,0,0,,A,0,
4,rs,L-O,8192,2048,8192,gpu,fallback,none,128-128-32,SK,H,1.24782,1.60513,,,A,0.2863,0.1073,0,0,,A,0,
4,rs,L-O,8192,2048,16,steady,fallback,none,128-128-32,SK,H,0.06729,0.06339,,,B,0.0615,0.1073,1,0,A|B,B,0,
4,rs,L-O,8192,2048,64,steady,fallback,none,128-128-32,SK,H,0.06845,0.06488,,,B,0.0550,0.1073,1,0,A|B,B,0,
4,rs,L-O,8192,2048,136,steady,fallback,none,128-128-32,SK,H,0.08461,0.08714,,,A,0.0299,0.1073,1,0,A|B,B,1,A|B
4,rs,L-O,8192,2048,256,steady,fallback,none,128-128-32,SK,H,0.08788,0.10958,,,A,0.2469,0.1073,0,0,,B,0,
4,rs,L-O,8192,2048,512,steady,fallback,none,128-128-32,SK,H,0.12876,0.15683,,,A,0.2180,0.1073,0,0,,B,0,
4,rs,L-O,8192,2048,1024,steady,fallback,none,128-128-32,SK,H,0.21053,0.26037,,,A,0.2367,0.1073,0,0,,A,0,
4,rs,L-O,8192,2048,2048,steady,fallback,none,128-128-32,SK,H,0.37407,0.46715,,,A,0.2488,0.1073,0,0,,A,0,
4,rs,L-O,8192,2048,3072,steady,fallback,none,128-128-32,SK,H,0.53760,0.67386,,,A,0.2535,0.1073,0,0,,A,0,
4,rs,L-O,8192,2048,4096,steady,fallback,none,128-128-32,SK,H,0.70114,0.88099,,,A,0.2565,0.1073,0,0,,A,0,
4,rs,L-O,8192,2048,8192,steady,fallback,none,128-128-32,SK,H,1.35528,1.70209,,,A,0.2559,0.1073,0,0,,A,0,
4,rs,L-down,8192,7168,16,gpu,fallback,none,128-128-32,SK,H,0.17644,0.11995,,,B,0.4709,0.1073,0,0,,B,0,
4,rs,L-down,8192,7168,64,gpu,fallback,none,128-128-32,SK,H,0.17754,0.13780,,,B,0.2884,0.1073,0,0,,B,0,
4,rs,L-down,8192,7168,136,gpu,fallback,none,128-128-32,SK,H,0.22400,0.19604,,,B,0.1426,0.1073,0,0,,B,0,
4,rs,L-down,8192,7168,256,gpu,fallback,none,128-128-32,SK,H,0.22706,0.23780,,,A,0.0473,0.1073,1,0,A|B,B,1,A|B
4,rs,L-down,8192,7168,512,gpu,fallback,none,128-128-32,SK,H,0.33129,0.35644,,,A,0.0759,0.1073,1,0,A|B,B,0,
4,rs,L-down,8192,7168,1024,gpu,fallback,none,128-128-32,SK,H,0.54916,0.60498,,,A,0.1016,0.1073,1,0,A|B,A,0,
4,rs,L-down,8192,7168,2048,gpu,fallback,none,128-128-32,SK,H,0.99340,1.10896,,,A,0.1163,0.1073,0,0,,A,0,
4,rs,L-down,8192,7168,3072,gpu,fallback,none,128-128-32,SK,H,1.44046,1.61509,,,A,0.1212,0.1073,0,0,,A,0,
4,rs,L-down,8192,7168,4096,gpu,fallback,none,128-128-32,SK,H,1.88844,2.12462,,,A,0.1251,0.1073,0,0,,A,0,
4,rs,L-down,8192,7168,8192,gpu,fallback,none,128-128-32,SK,H,3.68303,4.15674,,,A,0.1286,0.1073,0,0,,A,0,
4,rs,L-down,8192,7168,16,steady,fallback,none,128-128-32,SK,H,0.11748,0.11294,,,B,0.0402,0.1073,1,0,A|B,B,1,A|B
4,rs,L-down,8192,7168,64,steady,fallback,none,128-128-32,SK,H,0.11854,0.11465,,,B,0.0339,0.1073,1,0,A|B,B,1,A|B
4,rs,L-down,8192,7168,136,steady,fallback,none,128-128-32,SK,H,0.17356,0.17113,,,B,0.0142,0.1073,1,0,A|B,B,1,A|B
4,rs,L-down,8192,7168,256,steady,fallback,none,128-128-32,SK,H,0.17481,0.21371,,,A,0.2225,0.1073,0,0,,B,0,
4,rs,L-down,8192,7168,512,steady,fallback,none,128-128-32,SK,H,0.30263,0.34590,,,A,0.1430,0.1073,0,0,,B,0,
4,rs,L-down,8192,7168,1024,steady,fallback,none,128-128-32,SK,H,0.55826,0.62555,,,A,0.1205,0.1073,0,0,,A,0,
4,rs,L-down,8192,7168,2048,steady,fallback,none,128-128-32,SK,H,1.06952,1.18876,,,A,0.1115,0.1073,0,0,,A,0,
4,rs,L-down,8192,7168,3072,steady,fallback,none,128-128-32,SK,H,1.58078,1.75305,,,A,0.1090,0.1073,0,0,,A,0,
4,rs,L-down,8192,7168,4096,steady,fallback,none,128-128-32,SK,H,2.09204,2.31810,,,A,0.1081,0.1073,0,0,,A,0,
4,rs,L-down,8192,7168,8192,steady,fallback,none,128-128-32,SK,H,4.13708,4.57174,,,A,0.1051,0.1073,1,0,A|B,A,0,
4,ag,Q-GU,14784,8192,16,gpu,fallback,none,128-128-64,SK,M,0.29003,0.20371,0.24540,0.30368,B,0.2046,0.1073,0,0,,B,0,
4,ag,Q-GU,14784,8192,64,gpu,fallback,none,128-128-64,SK,M,0.29734,0.22160,0.25210,0.31098,B,0.1376,0.1073,0,0,,B,0,
4,ag,Q-GU,14784,8192,136,gpu,fallback,none,128-128-64,SK,M,0.34912,0.32636,0.34946,0.36277,B,0.0697,0.1073,1,0,A|B,B,0,
4,ag,Q-GU,14784,8192,256,gpu,fallback,none,128-128-64,SK,M,0.36006,0.39634,0.41226,0.37370,A,0.0379,0.1073,1,0,A|D,B,1,A|D
4,ag,Q-GU,14784,8192,512,gpu,fallback,none,128-128-64,SK,M,0.61367,0.62676,0.64210,0.62731,A,0.0213,0.1073,1,0,A|B,B,1,A|B
4,ag,Q-GU,14784,8192,1024,gpu,fallback,none,128-128-64,SK,M,1.12048,1.10601,1.11929,1.13413,B,0.0120,0.1073,1,0,B|C,A,1,B|C
4,ag,Q-GU,14784,8192,2048,gpu,fallback,none,128-128-64,SK,M,2.01074,2.08349,2.08668,2.14589,A,0.0362,0.1073,1,0,A|B,A,1,A|B
4,ag,Q-GU,14784,8192,3072,gpu,fallback,none,128-128-64,SK,M,3.02799,3.06909,3.05140,3.15027,A,0.0077,0.1073,1,0,A|C,A,1,A|C
4,ag,Q-GU,14784,8192,4096,gpu,fallback,none,128-128-64,SK,M,3.94106,4.05718,4.03485,4.17192,A,0.0238,0.1073,1,0,A|C,A,1,A|C
4,ag,Q-GU,14784,8192,8192,gpu,fallback,none,128-128-64,SK,M,7.80246,8.00155,7.92639,8.21194,A,0.0159,0.1073,1,0,A|C,A,1,A|C
4,ag,Q-GU,14784,8192,16,steady,fallback,none,128-128-64,SK,M,0.27582,0.18469,0.21089,0.28594,B,0.1419,0.1073,0,0,,B,0,
4,ag,Q-GU,14784,8192,64,steady,fallback,none,128-128-64,SK,M,0.28042,0.18643,0.21470,0.29054,B,0.1516,0.1073,0,0,,B,0,
4,ag,Q-GU,14784,8192,136,steady,fallback,none,128-128-64,SK,M,0.34650,0.29657,0.31898,0.35661,B,0.0756,0.1073,1,0,B|C,B,0,
4,ag,Q-GU,14784,8192,256,steady,fallback,none,128-128-64,SK,M,0.35490,0.37316,0.38604,0.36502,A,0.0285,0.1073,1,0,A|D,B,1,A|D
4,ag,Q-GU,14784,8192,512,steady,fallback,none,128-128-64,SK,M,0.62474,0.63303,0.64682,0.63485,A,0.0133,0.1073,1,0,A|B,B,1,A|B
4,ag,Q-GU,14784,8192,1024,steady,fallback,none,128-128-64,SK,M,1.16207,1.17712,1.18380,1.17218,A,0.0087,0.1073,1,0,A|D,A,1,A|D
4,ag,Q-GU,14784,8192,2048,steady,fallback,none,128-128-64,SK,M,2.11932,2.27455,2.26510,2.24218,A,0.0580,0.1073,1,0,A|D,A,0,
4,ag,Q-GU,14784,8192,3072,steady,fallback,none,128-128-64,SK,M,3.19484,3.37630,3.34671,3.30921,A,0.0358,0.1073,1,0,A|D,A,1,A|D
4,ag,Q-GU,14784,8192,4096,steady,fallback,none,128-128-64,SK,M,4.16995,4.48020,4.44591,4.39290,A,0.0535,0.1073,1,0,A|D,A,0,
4,ag,Q-GU,14784,8192,8192,steady,fallback,none,128-128-64,SK,M,8.27265,8.88737,8.80085,8.68328,A,0.0496,0.1073,1,0,A|D,A,1,A|D
4,rs,Q-down,8192,7392,16,gpu,fallback,none,128-128-32,SK,H,0.18026,0.12244,,,B,0.4722,0.1073,0,0,,B,0,
4,rs,Q-down,8192,7392,64,gpu,fallback,none,128-128-32,SK,H,0.18137,0.14029,,,B,0.2928,0.1073,0,0,,B,0,
4,rs,Q-down,8192,7392,136,gpu,fallback,none,128-128-32,SK,H,0.22925,0.19988,,,B,0.1469,0.1073,0,0,,B,0,
4,rs,Q-down,8192,7392,256,gpu,fallback,none,128-128-32,SK,H,0.23232,0.24241,,,A,0.0434,0.1073,1,0,A|B,B,1,A|B
4,rs,Q-down,8192,7392,512,gpu,fallback,none,128-128-32,SK,H,0.33966,0.36430,,,A,0.0726,0.1073,1,0,A|B,B,0,
4,rs,Q-down,8192,7392,1024,gpu,fallback,none,128-128-32,SK,H,0.56405,0.61961,,,A,0.0985,0.1073,1,0,A|B,A,0,
4,rs,Q-down,8192,7392,2048,gpu,fallback,none,128-128-32,SK,H,1.02161,1.13738,,,A,0.1133,0.1073,0,0,,A,0,
4,rs,Q-down,8192,7392,3072,gpu,fallback,none,128-128-32,SK,H,1.48211,1.65737,,,A,0.1182,0.1073,0,0,,A,0,
4,rs,Q-down,8192,7392,4096,gpu,fallback,none,128-128-32,SK,H,1.94355,2.18077,,,A,0.1221,0.1073,0,0,,A,0,
4,rs,Q-down,8192,7392,8192,gpu,fallback,none,128-128-32,SK,H,3.79210,4.26849,,,A,0.1256,0.1073,0,0,,A,0,
4,rs,Q-down,8192,7392,16,steady,fallback,none,128-128-32,SK,H,0.11968,0.11511,,,B,0.0397,0.1073,1,0,A|B,B,1,A|B
4,rs,Q-down,8192,7392,64,steady,fallback,none,128-128-32,SK,H,0.12074,0.11682,,,B,0.0335,0.1073,1,0,A|B,B,1,A|B
4,rs,Q-down,8192,7392,136,steady,fallback,none,128-128-32,SK,H,0.17748,0.17480,,,B,0.0153,0.1073,1,0,A|B,B,1,A|B
4,rs,Q-down,8192,7392,256,steady,fallback,none,128-128-32,SK,H,0.17870,0.21827,,,A,0.2214,0.1073,0,0,,B,0,
4,rs,Q-down,8192,7392,512,steady,fallback,none,128-128-32,SK,H,0.31041,0.35418,,,A,0.1410,0.1073,0,0,,B,0,
4,rs,Q-down,8192,7392,1024,steady,fallback,none,128-128-32,SK,H,0.57382,0.64153,,,A,0.1180,0.1073,0,0,,A,0,
4,rs,Q-down,8192,7392,2048,steady,fallback,none,128-128-32,SK,H,1.10064,1.22035,,,A,0.1088,0.1073,0,0,,A,0,
4,rs,Q-down,8192,7392,3072,steady,fallback,none,128-128-32,SK,H,1.62746,1.80029,,,A,0.1062,0.1073,1,0,A|B,A,0,
4,rs,Q-down,8192,7392,4096,steady,fallback,none,128-128-32,SK,H,2.15428,2.38100,,,A,0.1052,0.1073,1,0,A|B,A,0,
4,rs,Q-down,8192,7392,8192,steady,fallback,none,128-128-32,SK,H,4.26158,4.69736,,,A,0.1023,0.1073,1,0,A|B,A,0,
2,ag,L8-QKV,3072,4096,16,gpu,fallback,none,128-128-64,SK,M,0.09601,0.05292,0.07456,0.10566,B,0.4088,0.1099,0,0,,B,0,
2,ag,L8-QKV,3072,4096,64,gpu,fallback,none,128-128-64,SK,M,0.09695,0.05909,0.07844,0.10973,B,0.3275,0.1099,0,0,,B,0,
2,ag,L8-QKV,3072,4096,136,gpu,fallback,none,128-128-64,SK,M,0.10404,0.08116,0.09090,0.11681,B,0.1201,0.1099,0,0,,B,0,
2,ag,L8-QKV,3072,4096,256,gpu,fallback,none,128-128-64,SK,M,0.11369,0.09767,0.10632,0.12646,B,0.0886,0.1099,1,0,B|C,B,0,
2,ag,L8-QKV,3072,4096,512,gpu,fallback,none,128-128-64,SK,M,0.14448,0.12754,0.13541,0.15725,B,0.0617,0.1099,1,0,B|C,B,0,
2,ag,L8-QKV,3072,4096,1024,gpu,fallback,none,128-128-64,SK,M,0.20297,0.18923,0.19192,0.21574,B,0.0142,0.1099,1,0,B|C,A,1,B|C
2,ag,L8-QKV,3072,4096,2048,gpu,fallback,none,128-128-64,SK,M,0.32304,0.31508,0.30931,0.33581,C,0.0187,0.1099,1,0,B|C,A,1,B|C
2,ag,L8-QKV,3072,4096,3072,gpu,fallback,none,128-128-64,SK,M,0.38883,0.44182,0.42731,0.45612,A,0.0989,0.1099,1,0,A|C,A,0,
2,ag,L8-QKV,3072,4096,4096,gpu,fallback,none,128-128-64,SK,M,0.49319,0.56781,0.54721,0.57822,A,0.1095,0.1099,1,0,A|C,A,0,
2,ag,L8-QKV,3072,4096,8192,gpu,fallback,none,128-128-64,SK,M,0.91060,1.06970,1.01741,1.05691,A,0.1173,0.1099,0,0,,A,0,
2,ag,L8-QKV,3072,4096,16,steady,fallback,none,128-128-64,SK,M,0.08578,0.05508,0.06194,0.09216,B,0.1246,0.1088,0,0,,B,0,
2,ag,L8-QKV,3072,4096,64,steady,fallback,none,128-128-64,SK,M,0.08657,0.05641,0.06473,0.09520,B,0.1476,0.1088,0,0,,B,0,
2,ag,L8-QKV,3072,4096,136,steady,fallback,none,128-128-64,SK,M,0.09278,0.06851,0.07640,0.10223,B,0.1152,0.1088,0,0,,B,0,
2,ag,L8-QKV,3072,4096,256,steady,fallback,none,128-128-64,SK,M,0.09371,0.07880,0.08553,0.10497,B,0.0854,0.1088,1,0,B|C,B,0,
2,ag,L8-QKV,3072,4096,512,steady,fallback,none,128-128-64,SK,M,0.12544,0.11187,0.11667,0.13669,B,0.0430,0.1088,1,0,B|C,B,1,B|C
2,ag,L8-QKV,3072,4096,1024,steady,fallback,none,128-128-64,SK,M,0.18857,0.18130,0.18031,0.19983,C,0.0055,0.1088,1,0,B|C,A,1,B|C
2,ag,L8-QKV,3072,4096,2048,steady,fallback,none,128-128-64,SK,M,0.31347,0.32273,0.30731,0.32472,C,0.0201,0.1088,1,0,A|C,A,1,A|C
2,ag,L8-QKV,3072,4096,3072,steady,fallback,none,128-128-64,SK,M,0.39972,0.46192,0.43744,0.45246,A,0.0943,0.1088,1,0,A|C,A,0,
2,ag,L8-QKV,3072,4096,4096,steady,fallback,none,128-128-64,SK,M,0.51113,0.59957,0.57422,0.58678,A,0.1234,0.1088,0,0,,A,0,
2,ag,L8-QKV,3072,4096,8192,steady,fallback,none,128-128-64,SK,M,0.95675,1.14759,1.09352,1.09600,A,0.1430,0.1088,0,0,,A,0,
2,ag,L8-GU,14336,4096,16,gpu,fallback,none,128-128-64,SK,M,0.16952,0.11661,0.13824,0.17918,B,0.1855,0.1099,0,0,,B,0,
2,ag,L8-GU,14336,4096,64,gpu,fallback,none,128-128-64,SK,M,0.17133,0.12336,0.14271,0.18410,B,0.1569,0.1099,0,0,,B,0,
2,ag,L8-GU,14336,4096,136,gpu,fallback,none,128-128-64,SK,M,0.19512,0.17952,0.18926,0.20790,B,0.0543,0.1099,1,0,B|C,B,0,
2,ag,L8-GU,14336,4096,256,gpu,fallback,none,128-128-64,SK,M,0.20475,0.21603,0.22468,0.21752,A,0.0551,0.1099,1,0,A|B,B,0,
2,ag,L8-GU,14336,4096,512,gpu,fallback,none,128-128-64,SK,M,0.32662,0.32816,0.33603,0.33939,A,0.0047,0.1099,1,0,A|B,B,1,A|B
2,ag,L8-GU,14336,4096,1024,gpu,fallback,none,128-128-64,SK,M,0.56724,0.56110,0.56379,0.58002,B,0.0048,0.1099,1,0,B|C,A,1,B|C
2,ag,L8-GU,14336,4096,2048,gpu,fallback,none,128-128-64,SK,M,1.01303,1.03497,1.02919,1.06436,A,0.0160,0.1099,1,0,A|C,A,1,A|C
2,ag,L8-GU,14336,4096,3072,gpu,fallback,none,128-128-64,SK,M,1.48166,1.51144,1.49693,1.54895,A,0.0103,0.1099,1,0,A|C,A,1,A|C
2,ag,L8-GU,14336,4096,4096,gpu,fallback,none,128-128-64,SK,M,1.95029,1.98770,1.96709,2.03532,A,0.0086,0.1099,1,0,A|C,A,1,A|C
2,ag,L8-GU,14336,4096,8192,gpu,fallback,none,128-128-64,SK,M,3.82481,3.89217,3.83988,3.97112,A,0.0039,0.1099,1,0,A|C,A,1,A|C
2,ag,L8-GU,14336,4096,16,steady,fallback,none,128-128-64,SK,M,0.15945,0.10964,0.11650,0.16583,B,0.0626,0.1088,1,0,B|C,B,0,
2,ag,L8-GU,14336,4096,64,steady,fallback,none,128-128-64,SK,M,0.16110,0.11143,0.11975,0.16973,B,0.0747,0.1088,1,0,B|C,B,0,
2,ag,L8-GU,14336,4096,136,steady,fallback,none,128-128-64,SK,M,0.19031,0.16158,0.16947,0.19977,B,0.0488,0.1088,1,0,B|C,B,1,B|C
2,ag,L8-GU,14336,4096,256,steady,fallback,none,128-128-64,SK,M,0.19124,0.19451,0.20124,0.20250,A,0.0171,0.1088,1,0,A|B,B,1,A|B
2,ag,L8-GU,14336,4096,512,steady,fallback,none,128-128-64,SK,M,0.32050,0.32203,0.32684,0.33176,A,0.0048,0.1088,1,0,A|B,B,1,A|B
2,ag,L8-GU,14336,4096,1024,steady,fallback,none,128-128-64,SK,M,0.57870,0.58705,0.58606,0.58996,A,0.0127,0.1088,1,0,A|C,A,1,A|C
2,ag,L8-GU,14336,4096,2048,steady,fallback,none,128-128-64,SK,M,1.06858,1.12411,1.10869,1.10499,A,0.0341,0.1088,1,0,A|D,A,1,A|D
2,ag,L8-GU,14336,4096,3072,steady,fallback,none,128-128-64,SK,M,1.57012,1.66012,1.63564,1.62286,A,0.0336,0.1088,1,0,A|D,A,1,A|D
2,ag,L8-GU,14336,4096,4096,steady,fallback,none,128-128-64,SK,M,2.07165,2.19493,2.16958,2.14730,A,0.0365,0.1088,1,0,A|D,A,1,A|D
2,ag,L8-GU,14336,4096,8192,steady,fallback,none,128-128-64,SK,M,4.07780,4.33246,4.27839,4.21705,A,0.0341,0.1088,1,0,A|D,A,1,A|D
2,rs,L8-O,4096,2048,16,gpu,fallback,none,128-128-32,SK,H,0.05076,0.04713,,,B,0.0770,0.1099,1,0,A|B,B,0,
2,rs,L8-O,4096,2048,64,gpu,fallback,none,128-128-32,SK,H,0.05173,0.05359,,,A,0.0359,0.1099,1,0,A|B,B,1,A|B
2,rs,L8-O,4096,2048,136,gpu,fallback,none,128-128-32,SK,H,0.05906,0.07282,,,A,0.2329,0.1099,0,0,,B,0,
2,rs,L8-O,4096,2048,256,gpu,fallback,none,128-128-32,SK,H,0.06189,0.08691,,,A,0.4042,0.1099,0,0,,B,0,
2,rs,L8-O,4096,2048,512,gpu,fallback,none,128-128-32,SK,H,0.08097,0.10829,,,A,0.3374,0.1099,0,0,,B,0,
2,rs,L8-O,4096,2048,1024,gpu,fallback,none,128-128-32,SK,H,0.12110,0.15069,,,A,0.2444,0.1099,0,0,,A,0,
2,rs,L8-O,4096,2048,2048,gpu,fallback,none,128-128-32,SK,H,0.20317,0.23935,,,A,0.1781,0.1099,0,0,,A,0,
2,rs,L8-O,4096,2048,3072,gpu,fallback,none,128-128-32,SK,H,0.28582,0.32993,,,A,0.1543,0.1099,0,0,,A,0,
2,rs,L8-O,4096,2048,4096,gpu,fallback,none,128-128-32,SK,H,0.36865,0.41990,,,A,0.1390,0.1099,0,0,,A,0,
2,rs,L8-O,4096,2048,8192,gpu,fallback,none,128-128-32,SK,H,0.70045,0.77824,,,A,0.1111,0.1099,0,0,,A,0,
2,rs,L8-O,4096,2048,16,steady,fallback,none,128-128-32,SK,H,0.05010,0.05234,,,A,0.0447,0.1088,1,0,A|B,B,1,A|B
2,rs,L8-O,4096,2048,64,steady,fallback,none,128-128-32,SK,H,0.05090,0.05313,,,A,0.0438,0.1088,1,0,A|B,B,1,A|B
2,rs,L8-O,4096,2048,136,steady,fallback,none,128-128-32,SK,H,0.05519,0.06021,,,A,0.0910,0.1088,1,0,A|B,B,0,
2,rs,L8-O,4096,2048,256,steady,fallback,none,128-128-32,SK,H,0.05719,0.06599,,,A,0.1539,0.1088,0,0,,B,0,
2,rs,L8-O,4096,2048,512,steady,fallback,none,128-128-32,SK,H,0.07952,0.08903,,,A,0.1196,0.1088,0,0,,B,0,
2,rs,L8-O,4096,2048,1024,steady,fallback,none,128-128-32,SK,H,0.12428,0.13813,,,A,0.1114,0.1088,0,0,,A,0,
2,rs,L8-O,4096,2048,2048,steady,fallback,none,128-128-32,SK,H,0.21381,0.23898,,,A,0.1177,0.1088,0,0,,A,0,
2,rs,L8-O,4096,2048,3072,steady,fallback,none,128-128-32,SK,H,0.30334,0.33850,,,A,0.1159,0.1088,0,0,,A,0,
2,rs,L8-O,4096,2048,4096,steady,fallback,none,128-128-32,SK,H,0.39286,0.43596,,,A,0.1097,0.1088,0,0,,A,0,
2,rs,L8-O,4096,2048,8192,steady,fallback,none,128-128-32,SK,H,0.75097,0.82397,,,A,0.0972,0.1088,1,0,A|B,A,0,
2,rs,L8-down,4096,7168,16,gpu,fallback,none,128-128-32,SK,H,0.12729,0.07608,,,B,0.6732,0.1099,0,0,,B,0,
2,rs,L8-down,4096,7168,64,gpu,fallback,none,128-128-32,SK,H,0.12894,0.08280,,,B,0.5572,0.1099,0,0,,B,0,
2,rs,L8-down,4096,7168,136,gpu,fallback,none,128-128-32,SK,H,0.15181,0.11752,,,B,0.2917,0.1099,0,0,,B,0,
2,rs,L8-down,4096,7168,256,gpu,fallback,none,128-128-32,SK,H,0.15592,0.14071,,,B,0.1081,0.1099,1,0,A|B,B,0,
2,rs,L8-down,4096,7168,512,gpu,fallback,none,128-128-32,SK,H,0.21075,0.19946,,,B,0.0566,0.1099,1,0,A|B,B,0,
2,rs,L8-down,4096,7168,1024,gpu,fallback,none,128-128-32,SK,H,0.32766,0.31965,,,B,0.0250,0.1099,1,0,A|B,A,1,A|B
2,rs,L8-down,4096,7168,2048,gpu,fallback,none,128-128-32,SK,H,0.56900,0.56637,,,B,0.0046,0.1099,1,0,A|B,A,1,A|B
2,rs,L8-down,4096,7168,3072,gpu,fallback,none,128-128-32,SK,H,0.81303,0.81577,,,A,0.0034,0.1099,1,0,A|B,A,1,A|B
2,rs,L8-down,4096,7168,4096,gpu,fallback,none,128-128-32,SK,H,1.05794,1.06481,,,A,0.0065,0.1099,1,0,A|B,A,1,A|B
2,rs,L8-down,4096,7168,8192,gpu,fallback,none,128-128-32,SK,H,2.04021,2.06007,,,A,0.0097,0.1099,1,0,A|B,A,1,A|B
2,rs,L8-down,4096,7168,16,steady,fallback,none,128-128-32,SK,H,0.08811,0.07714,,,B,0.1422,0.1088,0,0,,B,0,
2,rs,L8-down,4096,7168,64,steady,fallback,none,128-128-32,SK,H,0.08917,0.07814,,,B,0.1411,0.1088,0,0,,B,0,
2,rs,L8-down,4096,7168,136,steady,fallback,none,128-128-32,SK,H,0.10317,0.10251,,,B,0.0064,0.1088,1,0,A|B,B,1,A|B
2,rs,L8-down,4096,7168,256,steady,fallback,none,128-128-32,SK,H,0.10395,0.11858,,,A,0.1407,0.1088,0,0,,B,0,
2,rs,L8-down,4096,7168,512,steady,fallback,none,128-128-32,SK,H,0.17310,0.18453,,,A,0.0661,0.1088,1,0,A|B,B,0,
2,rs,L8-down,4096,7168,1024,steady,fallback,none,128-128-32,SK,H,0.31144,0.32250,,,A,0.0355,0.1088,1,0,A|B,A,1,A|B
2,rs,L8-down,4096,7168,2048,steady,fallback,none,128-128-32,SK,H,0.58812,0.60310,,,A,0.0255,0.1088,1,0,A|B,A,1,A|B
2,rs,L8-down,4096,7168,3072,steady,fallback,none,128-128-32,SK,H,0.86480,0.88290,,,A,0.0209,0.1088,1,0,A|B,A,1,A|B
2,rs,L8-down,4096,7168,4096,steady,fallback,none,128-128-32,SK,H,1.14149,1.16079,,,A,0.0169,0.1088,1,0,A|B,A,1,A|B
2,rs,L8-down,4096,7168,8192,steady,fallback,none,128-128-32,SK,H,2.24822,2.27094,,,A,0.0101,0.1088,1,0,A|B,A,1,A|B
