collective,world,size_mib_total,rankmax_median_ms,min_ms,max_ms,busbw_GBps
all_gather,8,1,0.2857,0.2314,0.4270,3.21
all_gather,8,4,0.4209,0.3891,0.5396,8.72
all_gather,8,16,1.1448,1.0752,1.4408,12.82
all_gather,8,64,4.2291,3.9864,16.5079,13.88
all_gather,8,256,16.1178,15.8710,53.3176,14.57
all_gather,8,1024,64.4628,63.4634,138.2666,14.57
reduce_scatter,8,1,0.1372,0.1270,0.1690,6.69
reduce_scatter,8,4,0.3400,0.3328,0.4362,10.80
reduce_scatter,8,16,1.0742,1.0486,1.5432,13.67
reduce_scatter,8,64,4.1897,3.9465,24.1357,14.02
reduce_scatter,8,256,16.2990,15.7624,21.1692,14.41
reduce_scatter,8,1024,64.2202,62.6452,68.5670,14.63
all_reduce,8,1,0.1900,0.1864,0.6328,9.66
all_reduce,8,4,0.5478,0.5396,1.5903,13.40
all_reduce,8,16,2.0419,1.9825,3.1529,14.38
all_reduce,8,64,8.3528,7.8858,17.4295,14.06
all_reduce,8,256,32.1454,31.2740,42.0393,14.61
all_reduce,8,1024,126.8772,124.5860,138.9875,14.81
