M,H,mode,item,median_ms,n_kept
8,6144,gpu,vllm_ar,0.03789,118
8,6144,gpu,rmsnorm,0.01126,118
8,6144,gpu,add,0.00819,118
8,6144,steady,vllm_ar,0.03098,100
8,6144,steady,rmsnorm,0.04598,100
8,6144,steady,add,0.00819,100
16,6144,gpu,vllm_ar,0.04659,200
16,6144,gpu,rmsnorm,0.01229,200
16,6144,gpu,add,0.00819,200
16,6144,steady,vllm_ar,0.03158,100
16,6144,steady,rmsnorm,0.04589,100
16,6144,steady,add,0.00822,100
32,6144,gpu,vllm_ar,0.04301,200
32,6144,gpu,rmsnorm,0.01229,200
32,6144,gpu,add,0.00819,200
32,6144,steady,vllm_ar,0.03334,100
32,6144,steady,rmsnorm,0.04589,100
32,6144,steady,add,0.00819,100
64,6144,gpu,vllm_ar,0.05018,200
64,6144,gpu,rmsnorm,0.01331,200
64,6144,gpu,add,0.00922,200
64,6144,steady,vllm_ar,0.03706,100
64,6144,steady,rmsnorm,0.04550,100
64,6144,steady,add,0.00813,100
128,6144,gpu,vllm_ar,0.05939,200
128,6144,gpu,rmsnorm,0.01434,200
128,6144,gpu,add,0.01126,200
128,6144,steady,vllm_ar,0.04349,100
128,6144,steady,rmsnorm,0.04442,100
128,6144,steady,add,0.00826,100
256,6144,gpu,vllm_ar,0.08141,200
256,6144,gpu,rmsnorm,0.01741,200
256,6144,gpu,add,0.01331,200
256,6144,steady,vllm_ar,0.05875,100
256,6144,steady,rmsnorm,0.02762,100
256,6144,steady,add,0.00813,100
512,6144,gpu,vllm_ar,0.10240,200
512,6144,gpu,rmsnorm,0.02253,200
512,6144,gpu,add,0.01946,200
512,6144,steady,vllm_ar,0.08170,100
512,6144,steady,rmsnorm,0.01514,100
512,6144,steady,add,0.00861,100
1024,6144,gpu,vllm_ar,0.20634,200
1024,6144,gpu,rmsnorm,0.03072,200
1024,6144,gpu,add,0.03072,200
1024,6144,steady,vllm_ar,0.18150,100
1024,6144,steady,rmsnorm,0.02771,100
1024,6144,steady,add,0.02560,100
2048,6144,gpu,vllm_ar,0.31642,200
2048,6144,gpu,rmsnorm,0.05325,200
2048,6144,gpu,add,0.05222,200
2048,6144,steady,vllm_ar,0.29360,100
2048,6144,steady,rmsnorm,0.05178,100
2048,6144,steady,add,0.04826,100
4096,6144,gpu,vllm_ar,0.51917,200
4096,6144,gpu,rmsnorm,0.09318,200
4096,6144,gpu,add,0.09421,200
4096,6144,steady,vllm_ar,0.48848,100
4096,6144,steady,rmsnorm,0.09590,100
4096,6144,steady,add,0.09043,100
8192,6144,gpu,vllm_ar,0.92365,200
8192,6144,gpu,rmsnorm,0.17306,200
8192,6144,gpu,add,0.18125,200
8192,6144,steady,vllm_ar,0.89850,100
8192,6144,steady,rmsnorm,0.17955,100
8192,6144,steady,add,0.17498,100
16384,6144,gpu,vllm_ar,1.76128,200
16384,6144,gpu,rmsnorm,0.34099,200
16384,6144,gpu,add,0.34918,200
16384,6144,steady,vllm_ar,1.73805,100
16384,6144,steady,rmsnorm,0.34771,100
16384,6144,steady,add,0.34349,100
